protein,breast_MDAMB231,colon_HCT116,ewingsarcoma_CHLA10,ewingsarcoma_TC32,melanoma_A375,melanoma_HS895T,melanoma_SH4,ovary_patientsample,prostate_PC3
O43399,1,1,1,1,1,1,1,1,0
O75347,1,1,1,1,1,1,1,1,0
P02545,1,1,1,1,1,1,1,1,0
P05455,1,1,1,1,1,1,1,1,0
P06748,1,1,1,1,1,1,1,1,0
P20962,0,1,1,1,1,1,1,1,1
P23588,1,1,1,1,1,1,1,1,0
P26373,1,1,1,1,1,1,1,1,0
P31948,1,1,1,1,1,1,1,1,0
P43487,1,1,1,1,1,1,1,1,0
P58546,1,1,0,1,1,1,1,1,1
P62081,1,1,1,1,1,0,1,1,1
Q13263,1,1,1,1,1,0,1,1,1
Q9UHD8,1,1,1,1,1,1,1,1,0
Q9Y266,1,1,1,1,1,1,1,1,0
E9PAV3,1,1,0,1,1,0,1,1,1
O60841,0,1,1,1,1,1,1,1,0
O95861,1,1,0,1,1,0,1,1,1
P02042,1,1,1,1,1,1,1,0,0
P05114,1,0,1,1,1,1,1,1,0
P10155,1,1,0,1,1,1,1,1,0
P13797,1,1,0,1,1,1,1,1,0
P14324,1,1,0,1,1,1,1,1,0
P17096,1,1,1,1,1,0,1,1,0
P23246,1,1,1,1,1,0,1,1,0
P25398,1,1,1,1,1,0,1,1,0
P27816,1,0,1,1,1,1,1,1,0
P29218,1,1,0,1,1,1,1,1,0
P29692,1,1,0,1,1,0,1,1,1
P47914,1,0,1,1,1,0,1,1,1
P49321,1,1,1,1,1,0,1,1,0
P54727,1,1,0,1,1,1,1,1,0
P55209,1,1,1,1,1,0,1,1,0
P62304,1,1,1,1,1,0,1,1,0
P62424,1,1,1,1,1,0,1,1,0
P63208,1,1,1,1,1,0,1,1,0
P83916,1,1,1,1,1,0,1,1,0
Q01105,1,1,1,1,1,0,1,1,0
Q02878,1,1,1,1,1,0,1,1,0
Q04637,1,1,1,1,1,1,0,1,0
Q05682,1,0,1,1,1,1,1,1,0
Q13185,1,1,1,1,1,0,1,1,0
Q13838,0,1,1,1,1,0,1,1,1
Q15185,1,1,0,1,1,1,1,1,0
Q15369,1,1,1,1,1,0,1,1,0
Q15459,1,1,1,1,1,0,1,1,0
Q15631,1,1,0,1,1,1,1,1,0
Q1KMD3,1,0,1,1,1,1,1,1,0
Q8NE71,1,1,1,1,1,1,0,1,0
Q9H1E3,1,1,1,1,1,0,1,1,0
Q9UBE0,1,1,1,1,1,0,1,1,0
Q9UBT2,1,1,1,1,1,0,1,1,0
Q9Y3F4,1,1,1,1,1,0,1,1,0
O00410,1,1,0,1,1,0,1,1,0
O15355,1,1,1,1,1,0,0,1,0
O43396,1,1,1,0,0,1,1,1,0
O60506,1,1,0,1,1,0,1,1,0
O75533,0,1,1,1,1,0,1,1,0
O76003,1,1,0,1,1,0,1,1,0
P10412,1,1,1,0,1,1,0,0,1
P14678,1,1,0,1,1,0,1,1,0
P17812,1,1,1,1,0,0,0,1,1
P18124,1,1,0,1,1,0,1,1,0
P19623,1,0,0,1,1,1,1,1,0
P20042,0,0,1,1,1,1,1,1,0
P20810,0,1,0,1,1,1,1,1,0
P24534,1,1,1,1,0,1,1,0,0
P27635,1,1,0,1,1,0,1,1,0
P29144,1,1,1,0,1,0,1,1,0
P31153,1,1,0,1,1,0,1,1,0
P39687,1,1,1,1,1,0,0,1,0
P43243,0,1,1,1,1,0,1,1,0
P46783,0,1,1,1,1,0,1,1,0
P49458,1,0,1,1,1,0,1,1,0
P49915,1,1,0,1,1,0,1,1,0
P54725,1,1,0,1,0,0,1,1,1
P55010,1,1,1,1,1,0,0,1,0
P61289,1,1,0,1,1,0,1,1,0
P62318,1,1,0,1,1,0,1,1,0
P63313,1,1,1,0,1,0,1,1,0
P84098,1,0,1,1,1,0,1,1,0
Q00688,1,0,1,1,1,0,1,1,0
Q01995,1,1,1,1,0,1,0,1,0
Q07020,1,1,0,1,1,0,1,1,0
Q07955,1,1,1,1,1,0,0,1,0
Q12874,1,1,1,1,0,0,1,1,0
Q13283,1,1,0,1,1,0,1,1,0
Q13435,1,0,1,1,1,0,1,1,0
Q14103,1,1,1,1,0,0,1,1,0
Q14152,1,1,1,1,1,0,0,1,0
Q14847,1,0,1,1,0,1,1,1,0
Q14978,0,0,1,1,1,0,1,1,1
Q15102,1,1,1,1,1,0,0,1,0
Q15233,1,1,1,1,0,0,1,1,0
Q15424,1,0,1,1,1,0,1,1,0
Q15691,1,1,1,1,1,0,0,1,0
Q15717,1,1,0,1,1,0,1,1,0
Q92945,1,0,1,1,1,0,1,1,0
Q96AE4,1,1,1,1,0,0,1,1,0
Q99471,1,1,0,1,1,0,0,1,1
Q99729,0,1,0,1,1,0,1,1,1
Q9BZZ5,1,1,0,1,1,0,1,1,0
Q9UHX1,1,1,0,1,1,0,0,1,1
Q9UHY7,0,1,0,1,1,1,1,1,0
Q9UKY7,1,0,1,1,1,0,1,1,0
Q9UN86,1,0,1,1,1,0,1,1,0
Q9UNZ2,1,1,1,1,0,0,1,1,0
Q9Y5B9,1,1,1,1,1,0,0,1,0
Q9Y5S9,1,0,1,1,1,0,1,1,0
O00244,0,0,0,1,1,1,1,1,0
O00303,1,1,0,1,0,0,1,1,0
O14980,0,1,0,1,1,0,1,1,0
O15212,1,0,1,1,0,0,1,1,0
O15371,1,1,0,1,1,0,0,1,0
O43143,1,1,0,1,0,0,0,1,1
O43447,1,1,0,1,1,0,0,1,0
O43768,0,0,1,1,1,0,1,1,0
O60869,1,0,1,1,0,0,1,1,0
O75531,1,0,0,1,1,0,1,1,0
O75663,0,1,1,1,0,0,1,1,0
O75821,1,1,0,0,1,0,1,1,0
O76021,0,1,1,1,0,0,1,1,0
O95373,1,1,1,0,0,0,1,1,0
O95394,1,0,0,1,1,1,0,1,0
O95777,0,1,0,1,1,0,1,1,0
O96019,1,1,0,1,0,0,1,1,0
P02795,0,0,1,1,1,1,1,0,0
P06132,1,1,0,1,0,0,1,1,0
P06454,0,0,0,1,1,1,1,1,0
P08243,1,1,0,0,1,0,1,1,0
P08579,0,1,0,1,1,0,1,1,0
P08621,1,0,1,1,1,0,0,1,0
P09012,1,1,1,1,0,0,0,1,0
P18621,0,1,0,1,1,0,1,1,0
P18754,1,1,1,0,0,0,1,1,0
P23193,1,0,0,1,1,0,1,1,0
P26368,0,1,1,0,1,0,1,1,0
P26640,1,1,0,1,0,0,1,1,0
P30566,0,1,0,1,1,0,1,1,0
P31943,1,1,0,1,1,0,0,1,0
P32969,1,1,0,1,1,0,0,1,0
P33991,0,1,1,1,0,0,1,1,0
P33993,0,1,1,1,0,0,1,1,0
P40429,1,1,0,1,1,0,0,1,0
P41227,1,0,1,1,0,0,1,1,0
P43686,1,1,0,1,0,0,1,1,0
P45974,1,1,0,1,0,0,1,1,0
P46109,0,1,0,1,1,0,1,1,0
P46776,1,1,0,1,1,0,0,1,0
P48147,1,1,0,1,1,0,0,1,0
P49454,0,1,1,1,0,1,0,1,0
P49589,1,1,1,1,0,0,0,1,0
P49736,0,1,1,1,0,0,1,1,0
P52597,1,1,0,1,0,0,1,1,0
P55327,0,1,1,1,0,0,1,1,0
P60983,1,0,0,1,1,0,1,1,0
P61313,1,1,0,1,0,0,1,1,0
P61326,0,1,0,1,1,0,1,1,0
P61758,1,1,0,1,1,0,0,1,0
P61960,1,0,0,1,1,0,1,1,0
P62266,1,1,0,1,0,0,1,1,0
P62633,0,0,1,1,1,0,1,1,0
P62847,1,1,0,1,1,0,0,1,0
P62917,1,1,1,1,0,0,0,1,0
P63220,1,0,1,1,0,0,1,1,0
P68036,0,1,0,1,1,1,1,0,0
P78330,1,1,0,1,1,0,0,1,0
P78527,1,1,0,1,0,0,1,1,0
P84090,0,1,0,1,1,0,1,1,0
P98175,1,1,1,0,0,1,0,1,0
Q02543,1,1,0,1,0,0,1,1,0
Q08211,1,1,1,1,0,0,0,1,0
Q08945,1,1,0,1,1,0,0,1,0
Q12765,0,0,0,1,1,1,1,1,0
Q13428,0,0,1,1,1,0,1,1,0
Q13616,0,1,0,1,1,0,1,1,0
Q14011,0,0,1,1,1,0,1,1,0
Q14566,0,1,1,1,0,0,1,1,0
Q15393,1,1,0,1,0,0,1,1,0
Q15417,1,1,1,0,0,1,0,1,0
Q15428,0,0,1,1,1,0,1,1,0
Q5SSJ5,1,0,1,1,1,0,0,1,0
Q7L2H7,0,1,0,1,1,0,1,1,0
Q8TEA8,1,1,1,1,0,0,0,1,0
Q8WW12,0,0,1,1,1,0,1,1,0
Q92841,1,1,1,1,0,0,0,1,0
Q93009,0,1,1,1,1,0,0,1,0
Q96CT7,1,0,1,1,0,0,1,1,0
Q99733,0,1,0,1,1,0,1,1,0
Q9BXJ9,1,1,1,1,0,0,0,1,0
Q9H3K6,1,0,0,1,1,0,1,1,0
Q9H6Z4,0,1,1,1,0,0,1,1,0
Q9H910,1,0,1,1,0,0,1,1,0
Q9NQG5,0,1,0,1,1,0,1,1,0
Q9NSD9,1,1,0,1,0,0,1,1,0
Q9UK76,1,0,1,1,0,0,1,1,0
Q9UMS4,1,1,0,1,1,0,0,1,0
Q9Y3C6,1,1,0,1,0,0,1,1,0
Q9Y570,1,1,0,1,1,0,0,1,0
A6NDG6,0,1,0,0,1,0,1,1,0
B5ME19,1,1,1,0,1,0,0,0,0
O00273,1,0,0,0,1,0,1,1,0
O00471,1,0,1,1,0,0,0,1,0
O14744,0,1,0,1,0,0,1,1,0
O14974,1,1,0,1,0,0,0,1,0
O43252,1,1,0,1,0,0,0,1,0
O43684,0,1,0,1,1,0,0,1,0
O60925,1,0,1,1,1,0,0,0,0
O75312,1,1,0,1,0,0,0,1,0
O75534,1,0,0,1,1,0,0,1,0
O75937,1,0,0,1,0,0,1,1,0
O94903,0,1,0,1,0,0,1,1,0
O95816,0,1,0,1,0,0,1,1,0
O95989,0,1,0,1,0,0,1,1,0
P04183,0,1,0,0,1,0,1,1,0
P08708,1,1,0,1,0,0,0,1,0
P09936,0,0,1,1,0,1,0,1,0
P11387,0,1,0,1,0,0,0,1,1
P20290,0,1,0,1,1,0,0,1,0
P20700,1,1,1,1,0,0,0,0,0
P26358,1,1,1,0,0,0,0,1,0
P27694,1,1,0,1,0,0,0,1,0
P33992,1,1,0,1,0,0,0,1,0
P35637,1,1,0,1,0,0,0,1,0
P42285,0,1,1,1,0,0,0,1,0
P42677,1,0,1,1,0,0,0,1,0
P42766,1,1,0,1,0,0,0,1,0
P46063,0,0,1,1,0,0,0,1,1
P46459,1,1,0,1,0,0,0,1,0
P46778,1,1,0,1,0,0,0,1,0
P46821,1,0,0,1,0,1,0,1,0
P48506,0,1,0,1,0,0,1,1,0
P48681,0,0,0,0,1,1,1,1,0
P49354,1,1,0,1,0,0,0,1,0
P51991,1,1,1,1,0,0,0,0,0
P52292,1,1,0,1,0,0,0,1,0
P55036,1,1,0,1,0,0,0,1,0
P55263,1,1,0,1,0,0,0,1,0
P61081,1,0,0,1,1,0,0,1,0
P61086,1,1,0,1,1,0,0,0,0
P61201,0,1,0,1,0,0,1,1,0
P62306,1,1,0,1,0,0,0,1,0
P62310,1,1,0,1,0,0,0,1,0
P62314,1,1,0,1,0,0,0,1,0
P62495,1,1,0,1,0,0,0,1,0
P62753,1,1,0,1,0,0,0,1,0
P62841,1,1,0,0,0,0,1,1,0
P62995,0,1,1,1,0,0,0,1,0
P63279,0,1,0,1,0,0,1,1,0
P68363,0,1,1,0,1,0,1,0,0
P78344,0,1,1,1,0,0,0,1,0
P82979,1,0,1,1,0,0,0,1,0
P83881,0,0,1,1,0,0,1,1,0
P84103,1,0,1,1,0,0,0,1,0
P98179,1,0,0,1,0,0,1,1,0
Q01130,1,0,1,1,0,0,0,1,0
Q01581,0,1,0,1,0,0,1,1,0
Q02952,0,1,0,0,1,0,1,1,0
Q03164,1,0,1,0,0,0,1,1,0
Q03252,1,1,1,1,0,0,0,0,0
Q05519,0,1,0,1,0,0,1,1,0
Q07666,1,0,1,1,0,0,0,1,0
Q08170,1,1,0,0,1,0,1,0,0
Q12888,0,1,0,1,0,0,1,1,0
Q13148,1,1,0,1,0,0,0,1,0
Q13247,0,1,1,1,0,0,0,1,0
Q14157,1,0,0,1,1,0,0,1,0
Q14203,0,1,0,1,0,0,1,1,0
Q14232,1,1,0,0,1,0,0,1,0
Q14258,1,1,0,1,0,0,0,1,0
Q14444,1,1,0,1,0,0,0,1,0
Q15029,0,1,0,1,0,0,1,1,0
Q15056,0,0,0,1,1,0,1,1,0
Q15121,1,0,0,0,0,1,1,1,0
Q15370,0,1,0,1,0,0,1,1,0
Q15637,1,0,1,1,0,0,0,1,0
Q16186,1,0,0,1,1,0,0,1,0
Q16222,1,0,0,1,0,1,0,1,0
Q16576,1,1,0,0,0,0,1,1,0
Q16630,0,1,0,1,1,0,0,1,0
Q16650,1,0,1,1,0,0,0,1,0
Q32MZ4,0,0,0,1,0,1,1,1,0
Q3YEC7,0,1,1,1,0,0,0,1,0
Q53FA7,0,1,0,0,1,1,0,1,0
Q6P1N9,0,0,0,1,0,0,1,1,1
Q6PKG0,0,0,1,1,0,0,1,1,0
Q7KZ85,0,1,0,1,0,1,0,1,0
Q7L014,0,1,1,1,0,0,0,1,0
Q8IZ83,1,1,0,1,0,0,0,1,0
Q8N3X1,0,1,0,0,0,1,1,1,0
Q8N8S7,0,1,0,0,1,0,1,1,0
Q8TBC4,0,1,0,1,1,0,0,1,0
Q8WXF1,1,1,0,1,0,0,0,1,0
Q96C19,0,1,0,0,1,0,1,1,0
Q96FJ2,1,1,0,0,0,1,0,1,0
Q96MT7,1,0,1,1,0,0,0,1,0
Q99426,1,0,0,1,0,1,0,1,0
Q99598,0,1,0,0,0,0,1,1,1
Q99873,1,1,0,1,0,0,0,1,0
Q99996,0,0,1,1,0,0,1,1,0
Q9BY32,0,0,0,1,1,0,1,1,0
Q9H0D6,0,1,1,1,0,0,0,1,0
Q9H2J4,0,0,1,1,0,1,0,1,0
Q9H832,1,1,0,1,0,0,0,1,0
Q9NTJ3,1,1,0,1,0,0,0,1,0
Q9NX55,0,0,1,1,1,0,0,1,0
Q9NXG2,0,1,0,1,1,0,0,1,0
Q9NYL9,1,1,0,1,0,0,0,1,0
Q9P0K7,1,0,1,0,0,0,1,1,0
Q9P225,0,1,1,0,0,0,1,1,0
Q9P2J5,1,1,0,1,0,0,0,1,0
Q9UBZ9,0,0,1,1,1,0,0,1,0
Q9UIA9,0,1,1,1,0,0,0,1,0
Q9UPT8,0,0,1,1,0,0,1,1,0
Q9UQE7,0,1,1,1,0,0,0,1,0
Q9Y224,1,1,0,1,0,0,0,1,0
Q9Y262,1,1,0,1,0,0,0,1,0
Q9Y285,1,1,0,1,0,0,0,1,0
Q9Y333,1,1,0,0,0,0,1,1,0
Q9Y3I0,1,1,0,1,0,0,0,1,0
Q9Y3U8,0,1,0,1,1,0,0,1,0
Q9Y6E2,0,1,1,1,0,0,0,1,0
A0AVT1,0,1,0,1,0,0,0,1,0
A2RUB6,0,0,1,1,0,0,0,1,0
A8MW92,1,0,1,1,0,0,0,0,0
A8MWD9,1,0,0,1,0,0,1,0,0
O00139,0,0,1,1,0,0,0,1,0
O00151,1,0,0,0,0,1,0,1,0
O00267,1,0,0,1,0,0,0,1,0
O00422,0,0,1,1,0,0,0,1,0
O00567,0,0,0,1,0,0,1,1,0
O00625,0,0,0,0,0,1,1,1,0
O00629,0,1,0,0,0,0,1,1,0
O14497,0,0,1,1,0,0,0,1,0
O14841,0,0,1,1,0,0,0,1,0
O14929,0,1,0,1,0,0,0,1,0
O14979,0,0,1,1,0,0,0,1,0
O15055,1,1,0,0,0,0,0,1,0
O43148,1,0,0,1,0,0,0,1,0
O43290,0,0,1,1,0,0,0,1,0
O43617,0,1,0,1,0,0,0,1,0
O43809,0,1,0,0,1,0,0,1,0
O43818,0,1,1,0,0,0,0,1,0
O60341,0,0,1,1,0,0,0,1,0
O60832,0,0,1,1,0,0,0,1,0
O75417,0,0,1,0,0,0,1,1,0
O75592,1,0,0,1,0,0,0,1,0
O75643,0,1,0,1,0,0,0,1,0
O75822,0,0,1,1,0,0,0,1,0
O95447,0,1,0,1,0,0,0,1,0
O95834,1,1,0,0,0,0,0,1,0
P05386,1,1,1,0,0,0,0,0,0
P07305,0,0,0,1,1,0,0,1,0
P09661,0,1,0,1,0,0,0,1,0
P11137,1,0,0,1,0,0,0,1,0
P11388,0,0,1,1,0,0,0,1,0
P11908,1,1,0,1,0,0,0,0,0
P15170,0,0,1,1,0,0,0,1,0
P15374,1,0,1,0,0,0,0,1,0
P15559,0,1,0,0,0,0,1,1,0
P15927,0,1,0,1,0,0,0,1,0
P17480,0,0,1,1,0,0,0,1,0
P19388,0,1,0,1,0,0,0,1,0
P23921,0,1,0,1,0,0,0,1,0
P24941,0,1,0,1,0,0,1,0,0
P28340,0,0,1,1,0,0,0,1,0
P31350,0,1,0,1,0,0,0,1,0
P31942,1,0,0,1,0,0,0,1,0
P33240,0,1,0,1,0,0,0,1,0
P37235,0,1,0,0,1,0,0,1,0
P42166,1,0,1,0,1,0,0,0,0
P42694,0,0,1,1,0,0,0,1,0
P46013,0,1,1,0,0,0,0,1,0
P46060,0,1,0,1,0,0,0,1,0
P46087,0,0,1,1,0,0,0,1,0
P47224,0,1,0,1,0,0,0,1,0
P47813,0,0,0,1,1,0,0,1,0
P48556,0,1,0,1,0,0,0,1,0
P48739,0,1,0,1,0,0,0,1,0
P49023,1,0,0,1,0,0,0,1,0
P50238,1,0,0,1,0,0,0,1,0
P50579,0,1,0,1,0,0,0,1,0
P51452,0,0,0,1,0,0,1,1,0
P51659,0,1,0,1,0,0,0,1,0
P52434,0,1,0,1,0,0,0,1,0
P52630,0,0,1,1,0,0,0,1,0
P52701,0,0,0,1,1,0,0,1,0
P53582,1,0,0,1,0,0,0,1,0
P55265,0,1,0,1,0,0,0,1,0
P55769,1,0,0,1,0,0,0,1,0
P55854,1,0,0,1,0,1,0,0,0
P57740,0,0,1,0,0,0,1,1,0
P61956,0,1,0,0,0,0,1,1,0
P62312,0,1,0,1,0,0,0,1,0
P62910,1,0,0,1,0,0,0,1,0
P63173,1,0,0,1,0,0,0,1,0
P78332,0,1,1,0,0,0,0,1,0
P78347,0,0,1,1,0,0,0,1,0
Q00577,1,1,0,0,0,0,0,1,0
Q01433,0,1,0,1,0,0,0,1,0
Q01658,0,1,0,1,0,0,0,1,0
Q02224,0,0,1,1,0,0,0,1,0
Q02241,0,1,0,1,0,0,0,1,0
Q02880,0,0,1,1,0,0,0,1,0
Q04206,1,0,0,1,0,0,0,1,0
Q05086,0,1,1,0,0,0,0,1,0
Q06203,1,1,0,0,0,0,0,1,0
Q09028,0,1,0,1,1,0,0,0,0
Q10570,0,1,0,1,0,0,0,1,0
Q12789,0,0,1,1,0,0,0,1,0
Q12792,0,1,0,1,0,0,0,1,0
Q12996,0,1,0,1,0,0,0,1,0
Q13098,0,1,0,1,0,0,0,1,0
Q13151,0,0,1,1,0,0,0,1,0
Q13155,0,1,0,0,1,0,0,1,0
Q13422,0,0,0,0,0,1,1,1,0
Q13595,0,1,0,1,0,0,0,1,0
Q13907,0,0,0,1,0,0,1,1,0
Q13972,0,0,1,0,1,0,0,1,0
Q14008,0,0,1,1,0,0,0,1,0
Q14137,0,1,0,1,0,0,0,1,0
Q14191,0,0,1,1,0,0,0,1,0
Q14320,0,0,1,1,0,0,0,1,0
Q14678,0,0,1,1,0,0,0,1,0
Q14683,0,1,0,1,0,0,0,1,0
Q14839,0,1,1,0,0,0,0,1,0
Q14919,0,1,0,1,0,0,0,1,0
Q14966,1,0,0,1,0,0,0,1,0
Q14CX7,0,1,0,1,0,0,0,1,0
Q15020,0,1,0,1,0,0,0,1,0
Q15651,0,0,1,1,0,0,0,1,0
Q15654,0,1,1,0,0,0,0,1,0
Q16401,0,1,0,1,0,0,0,1,0
Q2TAY7,0,1,0,1,0,0,0,1,0
Q4AC94,0,0,1,0,0,0,1,1,0
Q4G0P3,0,0,1,1,0,0,0,1,0
Q52LJ0,0,1,0,1,0,0,0,1,0
Q53GS9,0,1,0,1,0,0,0,1,0
Q5BKZ1,0,1,0,1,0,0,0,1,0
Q5T200,0,0,1,0,0,0,0,1,1
Q5T8P6,0,1,1,0,0,0,0,1,0
Q5TDH0,0,0,0,1,0,0,1,1,0
Q63HN8,0,0,1,0,0,0,0,1,1
Q68CQ4,0,1,0,1,0,0,0,1,0
Q6P2Q9,0,1,0,1,0,0,0,1,0
Q6PIJ6,0,0,1,1,0,0,0,1,0
Q6UB99,0,1,1,0,0,0,0,1,0
Q6Y7W6,0,0,0,0,1,1,0,1,0
Q6ZMW3,0,0,1,0,0,1,0,1,0
Q70CQ2,1,0,1,0,0,0,0,1,0
Q711Q0,1,0,0,0,0,1,0,1,0
Q76FK4,0,0,1,1,0,0,0,1,0
Q76N89,0,1,0,0,0,0,1,1,0
Q7L1Q6,0,1,1,0,0,0,0,1,0
Q7L5N1,0,1,0,1,0,0,0,1,0
Q7Z460,0,0,0,1,1,0,1,0,0
Q7Z739,0,1,0,1,0,0,0,1,0
Q86U42,0,0,1,1,0,0,0,1,0
Q86U86,0,0,1,1,0,0,0,1,0
Q86UW6,0,0,1,1,0,0,0,1,0
Q86VF2,0,0,1,0,0,1,0,1,0
Q86XP3,0,1,0,1,0,0,0,1,0
Q8IVF4,0,0,1,1,0,0,0,1,0
Q8IVM0,1,0,0,0,0,1,1,0,0
Q8IWC1,0,0,1,1,0,0,0,1,0
Q8IWX8,0,1,0,1,0,0,0,1,0
Q8IX12,1,1,0,1,0,0,0,0,0
Q8IXM2,0,0,1,1,0,0,0,1,0
Q8IYB3,0,0,0,1,0,0,0,1,1
Q8IZT6,0,0,1,1,0,0,0,1,0
Q8N3U4,0,1,0,1,0,0,0,1,0
Q8NA47,0,0,1,1,0,0,0,1,0
Q8ND04,0,0,1,0,1,0,1,0,0
Q8NEV4,0,0,1,1,0,0,0,1,0
Q8NG66,0,0,1,1,0,0,0,1,0
Q8TAQ2,0,1,0,1,0,0,0,1,0
Q8TAT6,0,1,0,1,0,0,0,1,0
Q8TCU4,1,0,1,0,0,0,0,1,0
Q8TEQ6,0,1,0,1,0,0,0,1,0
Q8TEX9,0,1,0,1,0,0,0,1,0
Q8TF72,0,0,1,1,0,0,0,1,0
Q8WU90,0,1,0,1,0,0,0,1,0
Q8WVJ2,1,0,0,1,0,0,0,1,0
Q8WVY7,0,1,0,0,1,0,0,1,0
Q8WX92,0,1,0,1,0,0,0,1,0
Q92522,0,0,1,1,0,0,0,1,0
Q92616,0,1,0,1,0,0,0,1,0
Q92696,1,1,0,0,0,0,0,1,0
Q92734,1,0,0,1,0,0,0,1,0
Q92769,0,1,0,1,0,0,0,1,0
Q92804,0,0,1,1,0,0,0,1,0
Q92900,0,1,0,1,0,0,0,1,0
Q92922,0,0,1,1,0,0,0,1,0
Q93008,0,1,0,0,1,0,0,1,0
Q93034,0,1,0,1,0,0,0,1,0
Q969E4,0,0,0,1,0,0,1,1,0
Q96CN7,1,1,0,0,0,0,0,1,0
Q96DI7,0,1,0,1,0,0,0,1,0
Q96GG9,0,1,0,1,0,0,0,1,0
Q96GX9,0,1,0,1,0,0,0,1,0
Q96JB1,0,0,1,1,0,0,0,1,0
Q96JM2,1,0,0,0,0,0,1,1,0
Q96JN0,0,0,1,1,0,0,0,1,0
Q96N67,0,0,1,1,0,0,0,1,0
Q96P11,0,1,1,0,0,0,0,1,0
Q96P70,0,1,0,1,0,0,0,1,0
Q96PE2,0,0,1,1,0,0,0,1,0
Q96QD9,0,0,1,1,0,0,0,1,0
Q96RS6,1,1,0,0,0,0,0,1,0
Q96RU2,0,0,1,0,1,0,0,1,0
Q99614,1,0,0,1,0,0,0,1,0
Q9BPX3,0,0,1,1,0,0,0,1,0
Q9BQG0,0,1,0,1,0,0,0,1,0
Q9BTE3,0,1,0,0,1,0,0,1,0
Q9BVJ6,1,0,0,1,0,0,0,1,0
Q9BW19,0,0,1,0,1,0,0,1,0
Q9BXP5,0,1,0,1,0,0,0,1,0
Q9C005,0,1,0,0,0,0,1,1,0
Q9C037,1,0,0,1,0,0,0,1,0
Q9C0A1,1,0,0,0,0,1,0,1,0
Q9C0B1,0,1,0,1,0,0,0,1,0
Q9GZR7,0,1,0,1,0,0,0,1,0
Q9H008,0,1,1,0,0,0,0,1,0
Q9H0C8,0,1,0,1,0,0,0,1,0
Q9H2H8,0,0,0,1,0,0,1,1,0
Q9H3U1,0,1,0,1,0,0,0,1,0
Q9H792,1,0,1,0,0,0,0,1,0
Q9H9L3,1,0,1,0,0,0,0,1,0
Q9HA64,0,0,0,1,1,0,0,1,0
Q9HAV4,0,1,0,1,0,0,0,1,0
Q9HCE0,0,0,1,1,0,0,0,1,0
Q9NPH2,0,1,0,1,0,0,0,1,0
Q9NQW6,0,1,1,0,0,0,0,1,0
Q9NR09,0,1,1,0,0,0,0,1,0
Q9NR12,0,0,0,1,0,1,0,1,0
Q9NR48,1,0,1,0,0,0,0,1,0
Q9NTZ6,0,1,0,1,0,0,0,1,0
Q9NU22,1,0,1,0,0,0,0,1,0
Q9NVA2,0,1,0,1,0,1,0,0,0
Q9NVH2,0,0,1,0,0,1,0,1,0
Q9NVS9,0,1,0,0,0,1,0,1,0
Q9NXV6,0,1,0,1,0,0,0,1,0
Q9NYF8,0,0,1,1,0,0,0,1,0
Q9P287,0,1,0,0,1,0,0,1,0
Q9P2E2,0,0,1,0,0,1,1,0,0
Q9P2N5,0,1,0,1,0,0,0,1,0
Q9P2T1,0,1,0,1,0,0,0,1,0
Q9UBQ5,0,0,1,1,0,0,0,1,0
Q9UBW8,0,1,0,1,0,0,0,1,0
Q9UHB9,0,1,0,1,0,0,0,1,0
Q9UI30,0,1,0,1,0,0,0,1,0
Q9UIG0,0,0,1,1,0,0,0,1,0
Q9UJC5,0,1,0,0,0,1,0,1,0
Q9UJV9,0,0,1,1,0,0,0,1,0
Q9UK45,0,0,0,1,0,0,1,1,0
Q9UKF6,0,1,1,0,0,0,0,1,0
Q9UKM9,0,1,0,1,0,0,0,1,0
Q9UKV3,0,0,1,1,0,0,0,1,0
Q9ULC4,1,1,0,0,0,0,0,1,0
Q9ULR0,1,0,1,0,0,1,0,0,0
Q9UNS2,0,1,0,1,0,0,0,1,0
Q9UPU5,0,1,1,0,0,0,0,1,0
Q9UQ35,0,0,1,1,0,0,0,1,0
Q9UQ88,0,0,1,1,0,0,0,1,0
Q9Y2K7,0,0,1,1,0,0,0,1,0
Q9Y2Z0,0,1,0,1,0,0,0,1,0
Q9Y3A5,0,0,0,1,1,0,0,1,0
Q9Y3P9,1,0,1,0,0,0,0,1,0
Q9Y4A5,0,0,1,1,0,0,0,1,0
Q9Y4Z0,0,1,0,1,0,0,0,1,0
Q9Y520,1,0,0,0,0,0,1,1,0
Q9Y6M1,1,1,0,0,0,0,0,1,0
A1L3X4,0,0,0,0,0,1,1,0,0
A3KN83,0,0,1,0,0,0,0,1,0
A4UGR9,0,0,1,0,0,0,0,1,0
A6H8Y1,0,0,0,0,1,0,0,1,0
A6ND36,0,0,0,1,0,0,0,1,0
A6NHQ2,0,1,1,0,0,0,0,0,0
A8K8P3,0,0,1,0,0,0,0,1,0
A8MPX8,0,0,0,1,0,0,0,1,0
G2XKQ0,1,0,0,0,0,0,1,0,0
O00148,1,1,0,0,0,0,0,0,0
O00170,0,0,0,1,0,0,0,1,0
O00233,1,0,0,0,0,0,0,1,0
O00479,0,0,0,0,0,0,1,1,0
O00505,0,0,0,1,0,0,0,1,0
O00534,0,0,1,0,0,0,0,1,0
O14513,0,0,0,0,0,0,1,1,0
O14530,0,1,0,0,0,0,0,1,0
O14578,0,0,0,1,0,0,0,1,0
O14618,0,0,1,0,0,0,0,1,0
O14686,0,0,0,1,0,0,0,1,0
O14777,0,0,1,0,0,0,0,1,0
O15042,0,1,0,0,0,0,0,1,0
O15047,0,0,1,0,0,1,0,0,0
O15116,0,0,0,1,0,0,0,1,0
O15226,0,0,1,0,0,0,0,1,0
O15231,1,0,0,0,0,0,0,1,0
O15305,0,0,0,0,1,0,0,1,0
O15327,1,0,0,0,0,0,0,1,0
O15347,1,0,0,0,0,0,0,1,0
O15514,0,1,0,0,0,0,0,1,0
O43237,0,0,0,1,0,0,0,1,0
O43251,0,1,0,1,0,0,0,0,0
O43324,0,0,0,1,0,0,0,1,0
O43390,0,1,1,0,0,0,0,0,0
O43395,0,0,1,0,0,0,0,1,0
O43463,0,1,1,0,0,0,0,0,0
O43504,0,0,0,1,0,0,1,0,0
O43592,0,1,0,0,0,0,0,1,0
O43660,0,1,0,0,0,0,0,1,0
O43670,0,0,0,1,0,0,0,1,0
O60216,0,0,1,0,0,0,0,1,0
O60256,0,0,0,1,0,0,0,1,0
O60264,0,1,0,0,0,0,0,1,0
O60306,0,0,1,0,0,0,0,1,0
O60508,0,0,0,1,0,0,0,1,0
O60739,0,0,0,0,0,0,1,1,0
O60828,0,0,0,1,0,0,0,1,0
O60879,0,0,0,1,0,0,0,1,0
O75113,0,0,1,0,0,0,0,1,0
O75147,0,0,1,0,0,0,0,1,0
O75152,0,0,0,1,0,0,0,1,0
O75175,0,0,0,1,0,0,0,1,0
O75764,0,0,1,0,0,0,0,1,0
O75792,0,0,0,1,0,0,0,1,0
O75935,0,0,1,0,0,0,0,1,0
O76074,0,0,0,0,0,1,0,1,0
O76094,0,0,0,1,0,0,0,1,0
O94776,0,0,0,1,0,0,0,1,0
O94808,0,1,0,0,0,0,0,1,0
O94874,0,1,0,0,0,0,0,1,0
O94880,0,0,0,1,0,0,0,1,0
O94906,0,0,0,1,0,0,0,1,0
O94915,1,0,0,0,0,0,0,1,0
O95104,0,0,0,1,0,0,0,1,0
O95155,0,0,1,0,0,0,0,1,0
O95218,0,0,0,1,0,0,0,1,0
O95232,0,1,0,0,0,0,0,1,0
O95359,0,0,0,1,0,0,0,1,0
O95453,0,0,0,1,0,0,0,1,0
O95602,0,0,0,1,0,0,0,1,0
O95613,0,0,1,1,0,0,0,0,0
O95786,0,0,1,1,0,0,0,0,0
O95983,0,0,0,1,0,0,0,1,0
O95996,0,0,1,0,0,0,0,1,0
P05549,1,0,1,0,0,0,0,0,0
P06400,0,0,1,0,0,0,0,1,0
P07197,0,0,1,0,0,0,0,1,0
P08237,0,0,0,1,0,0,1,0,0
P08397,0,1,0,0,0,0,0,1,0
P08651,0,0,0,1,0,0,0,1,0
P09234,0,0,0,1,0,0,0,1,0
P09455,0,1,0,0,0,0,0,1,0
P09488,0,0,0,1,0,0,0,1,0
P09884,0,0,1,0,0,0,0,1,0
P09914,1,0,0,0,0,0,0,1,0
P0C7H8,0,0,0,0,1,0,1,0,0
P0DI83,0,0,1,1,0,0,0,0,0
P0DN76,0,0,0,1,0,0,0,1,0
P0DN79,0,0,0,1,0,0,0,1,0
P0DP91,0,0,0,0,1,1,0,0,0
P11171,0,0,0,1,0,0,0,1,0
P13533,0,0,1,0,0,0,0,1,0
P13807,0,0,0,1,0,0,0,1,0
P15918,0,0,1,0,0,0,0,1,0
P16401,0,0,1,0,0,0,0,1,0
P16403,0,0,0,1,0,0,1,0,0
P18583,0,0,0,1,0,0,0,1,0
P19174,0,0,1,0,0,0,0,1,0
P19971,0,1,0,0,0,0,0,1,0
P20393,0,0,1,1,0,0,0,0,0
P21359,0,0,1,0,0,0,0,1,0
P23610,0,1,0,0,0,0,0,1,0
P24864,0,0,1,0,0,0,0,1,0
P24928,0,0,0,1,0,0,0,1,0
P25205,0,1,0,0,0,0,1,0,0
P28749,0,0,0,1,0,0,0,1,0
P29762,0,0,0,1,0,0,0,1,0
P30519,0,0,0,1,0,0,0,1,0
P30876,0,1,0,0,0,0,0,1,0
P31150,0,1,1,0,0,0,0,0,0
P31483,0,0,0,1,0,0,0,1,0
P32321,1,0,0,0,0,0,0,1,0
P35244,0,0,0,1,0,0,0,1,0
P35249,0,0,0,1,0,0,0,1,0
P35658,0,0,0,1,0,0,0,1,0
P35659,0,0,0,1,0,0,0,1,0
P35813,0,1,0,0,0,0,0,1,0
P36959,1,0,0,0,0,0,0,1,0
P40394,0,0,1,1,0,0,0,0,0
P40938,1,0,0,0,0,0,0,1,0
P41208,0,0,0,1,0,0,0,1,0
P41214,0,0,1,0,0,0,0,1,0
P41223,0,0,0,0,0,0,1,1,0
P42224,0,0,0,1,0,0,0,1,0
P42695,0,0,1,1,0,0,0,0,0
P43246,0,0,0,1,0,0,0,1,0
P43364,0,0,1,1,0,0,0,0,0
P43378,1,0,0,0,0,0,0,1,0
P45973,0,0,0,1,0,0,0,1,0
P46100,0,0,0,0,0,0,1,1,0
P46736,0,0,0,0,0,0,1,1,0
P46937,0,0,1,1,0,0,0,0,0
P48507,1,0,0,0,0,0,0,1,0
P48539,0,0,0,1,0,0,1,0,0
P48552,0,0,1,0,0,0,0,1,0
P49247,0,1,0,0,0,0,0,1,0
P49366,0,1,0,0,0,0,0,1,0
P49459,0,1,0,0,0,0,0,1,0
P49593,0,0,0,0,0,0,1,1,0
P49750,0,0,0,1,0,0,0,1,0
P49756,0,0,0,1,0,0,0,1,0
P49770,0,0,0,1,0,0,0,1,0
P49790,0,0,0,1,0,0,0,1,0
P49902,0,1,0,0,0,0,0,1,0
P49959,0,0,1,0,0,0,0,1,0
P50748,0,0,1,0,0,0,0,1,0
P51003,0,0,0,1,0,0,0,1,0
P51114,0,1,0,0,0,0,0,1,0
P51116,0,0,0,1,0,0,0,1,0
P51610,0,0,0,1,0,0,0,1,0
P51784,0,1,0,0,0,0,0,1,0
P52732,0,0,1,0,0,0,0,1,0
P52943,0,0,0,1,0,0,0,1,0
P52952,0,0,1,0,0,0,0,1,0
P53602,0,1,0,0,0,0,0,1,0
P53804,0,0,0,0,1,0,0,1,0
P54105,0,0,0,1,0,0,0,1,0
P54277,0,0,1,0,0,0,0,1,0
P54619,0,0,0,1,0,0,0,1,0
P55196,1,0,0,0,0,0,0,1,0
P55212,0,1,0,0,0,0,0,1,0
P55795,0,0,0,1,0,0,0,1,0
P56182,0,0,1,0,0,0,0,1,0
P56545,0,1,0,0,0,0,0,1,0
P57071,0,0,1,0,0,0,0,1,0
P60510,0,1,0,0,0,0,0,1,0
P61218,1,0,0,0,0,0,0,1,0
P61927,0,0,1,0,0,0,0,1,0
P62191,0,1,0,0,0,0,0,1,0
P62714,1,1,0,0,0,0,0,0,0
P63151,0,1,0,0,0,0,0,1,0
P68400,0,0,0,1,0,0,0,1,0
P78316,0,0,1,0,0,0,0,1,0
P78318,0,1,0,0,0,0,0,1,0
P78346,0,0,1,0,0,0,0,1,0
P78406,1,0,0,0,0,0,0,1,0
P78559,0,0,0,0,0,1,0,1,0
P82970,0,0,1,1,0,0,0,0,0
P86452,0,0,0,1,0,0,0,1,0
Q01085,0,1,0,0,0,0,0,1,0
Q01415,0,0,0,0,1,0,0,1,0
Q03181,0,0,1,1,0,0,0,0,0
Q03923,1,0,0,0,1,0,0,0,0
Q05048,0,0,0,1,0,0,0,1,0
Q06330,0,0,1,0,0,0,0,1,0
Q06546,1,1,0,0,0,0,0,0,0
Q08752,0,1,0,0,0,0,0,1,0
Q08J23,1,0,0,0,0,0,0,1,0
Q0VF96,0,0,1,1,0,0,0,0,0
Q12766,0,0,1,0,0,0,0,1,0
Q12769,0,0,0,1,0,0,0,1,0
Q12815,0,1,1,0,0,0,0,0,0
Q12873,0,0,0,1,0,0,1,0,0
Q12899,0,0,1,0,0,0,0,1,0
Q13042,0,0,1,0,0,0,0,1,0
Q13045,0,0,0,1,0,0,0,1,0
Q13112,0,1,0,1,0,0,0,0,0
Q13188,0,0,0,1,0,0,0,1,0
Q13206,0,0,1,0,0,0,0,1,0
Q13232,0,0,0,1,0,0,0,1,0
Q13242,0,0,0,1,0,0,0,1,0
Q13257,0,1,0,0,0,0,0,1,0
Q13363,0,0,1,0,0,0,0,1,0
Q13395,0,0,1,1,0,0,0,0,0
Q13427,0,0,0,1,0,0,0,1,0
Q13523,0,0,0,1,0,0,0,1,0
Q13535,0,0,1,0,0,0,0,1,0
Q13541,0,0,1,0,0,0,1,0,0
Q13542,0,0,1,1,0,0,0,0,0
Q13547,0,1,0,1,0,0,0,0,0
Q13573,0,0,0,1,0,0,0,1,0
Q13601,0,1,0,0,0,0,0,1,0
Q13608,0,0,1,1,0,0,0,0,0
Q13617,0,1,0,0,0,0,0,1,0
Q13619,0,1,0,1,0,0,0,0,0
Q13642,0,0,0,1,0,0,0,1,0
Q13895,0,0,0,1,0,0,0,1,0
Q13946,0,0,1,1,0,0,0,0,0
Q13951,0,0,0,1,0,0,0,1,0
Q14139,0,0,1,0,0,0,0,1,0
Q14240,0,1,1,0,0,0,0,0,0
Q14353,0,0,0,1,0,0,0,1,0
Q14376,1,0,0,0,0,0,0,1,0
Q14498,0,0,0,1,0,0,0,1,0
Q14562,1,0,0,0,0,0,0,1,0
Q14671,0,0,0,1,0,0,0,1,0
Q14676,0,0,0,1,0,0,0,1,0
Q14690,0,0,0,1,0,0,0,1,0
Q14738,0,0,0,1,0,0,0,1,0
Q14781,0,0,1,0,0,0,0,1,0
Q14CM0,0,0,1,0,0,0,0,1,0
Q15007,0,1,0,0,0,0,0,1,0
Q15021,0,0,0,1,0,0,0,1,0
Q15050,0,0,0,1,0,0,0,1,0
Q15058,0,0,0,1,0,0,0,1,0
Q15147,0,0,0,0,0,0,1,1,0
Q15269,0,0,0,1,0,0,0,1,0
Q15287,0,0,0,1,0,0,0,1,0
Q15397,0,0,0,1,0,0,0,1,0
Q15427,0,1,0,0,0,0,0,1,0
Q15650,0,0,1,0,0,0,0,1,0
Q15678,1,0,0,1,0,0,0,0,0
Q15746,0,1,0,0,0,0,0,1,0
Q15772,0,0,1,0,0,0,0,1,0
Q15814,0,0,0,1,0,0,0,1,0
Q15911,0,0,0,1,0,0,0,1,0
Q16204,0,0,0,1,0,0,0,1,0
Q16666,0,0,0,1,0,0,0,1,0
Q16763,0,1,0,0,0,0,0,1,0
Q16774,0,0,0,1,0,0,0,1,0
Q29RF7,0,0,0,1,0,0,0,1,0
Q2KHR2,0,0,1,1,0,0,0,0,0
Q2M389,0,0,1,0,0,0,0,1,0
Q2NL82,0,0,0,1,0,0,0,1,0
Q2VWA4,1,0,1,0,0,0,0,0,0
Q4FZB7,0,1,0,0,0,0,0,1,0
Q4J6C6,0,0,0,1,0,0,0,1,0
Q53EL6,0,0,0,1,0,0,0,1,0
Q53FT3,0,1,0,0,0,0,0,1,0
Q53H96,0,1,0,0,0,0,0,1,0
Q53HC9,0,1,0,0,0,0,0,1,0
Q59H18,0,0,0,0,0,0,1,1,0
Q5JSL3,0,1,0,0,0,0,0,1,0
Q5JVF3,0,1,0,0,0,0,0,1,0
Q5K651,0,0,0,0,0,0,1,1,0
Q5QJE6,0,0,0,1,0,0,0,1,0
Q5SW79,0,0,0,1,0,1,0,0,0
Q5T2S8,0,0,0,1,0,0,0,1,0
Q5T5X7,0,0,0,0,0,1,0,1,0
Q5T7W0,1,0,0,0,0,0,0,1,0
Q5TA45,1,0,0,0,0,0,0,1,0
Q5UIP0,0,0,0,1,0,0,0,1,0
Q5VT06,1,0,0,0,0,0,0,1,0
Q5VTR2,0,0,0,1,0,0,0,1,0
Q5VTT5,1,0,0,0,0,0,0,1,0
Q5VWN6,0,0,0,0,0,1,0,1,0
Q69YN2,0,0,0,1,0,0,0,1,0
Q69YN4,1,0,0,0,0,0,0,1,0
Q6AW86,0,1,0,0,0,0,1,0,0
Q6AWC2,0,0,1,1,0,0,0,0,0
Q6DD87,0,1,0,0,0,0,0,1,0
Q6DHV7,0,0,0,1,0,0,0,1,0
Q6DKJ4,0,1,0,0,0,0,0,1,0
Q6IA69,0,0,1,0,0,0,0,1,0
Q6IA86,0,1,0,0,0,0,0,1,0
Q6IN85,0,0,1,0,0,0,0,1,0
Q6P1J9,0,1,0,0,0,0,0,1,0
Q6P2S7,1,0,0,0,0,0,0,1,0
Q6P5R6,0,1,0,0,0,0,0,1,0
Q6P6C2,0,0,1,1,0,0,0,0,0
Q6P9B6,0,0,0,0,0,1,0,1,0
Q6PCE3,0,0,0,0,0,1,0,1,0
Q6PF05,1,0,0,0,0,0,0,1,0
Q6PJT7,0,1,0,0,0,0,0,1,0
Q6R327,0,0,1,0,0,0,0,1,0
Q6RFH5,0,0,0,1,0,0,0,1,0
Q6TFL4,0,0,0,0,0,0,1,1,0
Q6ULP2,0,0,1,0,0,0,0,1,0
Q6UXN9,0,1,0,0,0,0,0,1,0
Q6WCQ1,0,0,0,0,0,1,0,1,0
Q6ZMI0,0,0,1,0,0,0,0,1,0
Q6ZNL6,0,1,0,0,0,0,0,1,0
Q6ZP01,0,0,0,0,0,0,1,1,0
Q6ZU35,0,0,1,0,0,0,0,1,0
Q6ZV73,0,0,1,0,0,0,0,1,0
Q702N8,0,0,1,0,0,0,0,1,0
Q7L5D6,0,0,1,0,0,0,0,1,0
Q7RTV0,0,0,0,1,0,0,0,1,0
Q7Z2T5,0,0,1,0,0,0,0,1,0
Q7Z2W4,0,0,0,1,0,0,0,1,0
Q7Z2Y8,0,0,1,0,0,0,0,1,0
Q7Z2Z2,0,0,0,1,0,0,0,1,0
Q7Z3K3,0,0,0,1,0,0,0,1,0
Q7Z4G1,0,0,0,1,0,0,0,1,0
Q7Z4K8,0,0,1,0,0,0,1,0,0
Q7Z4S6,0,0,0,1,0,0,0,1,0
Q7Z4V5,0,0,1,0,0,0,0,1,0
Q7Z5K2,0,0,0,1,0,0,0,1,0
Q7Z6E9,0,0,1,0,0,0,0,1,0
Q7Z6K5,0,0,0,0,0,1,0,1,0
Q7Z6R9,0,0,1,0,0,0,0,1,0
Q7Z7A1,0,0,1,0,0,0,0,1,0
Q7Z7L7,1,0,0,0,0,0,0,1,0
Q86SQ7,0,0,1,1,0,0,0,0,0
Q86T82,0,0,1,0,0,0,0,1,0
Q86VY4,0,0,1,0,0,0,0,1,0
Q86W92,0,0,0,1,0,0,0,1,0
Q86WJ1,0,0,0,1,0,0,0,1,0
Q86WQ0,0,1,0,0,0,0,0,1,0
Q86X55,0,1,0,0,0,0,0,1,0
Q86Y26,0,1,1,0,0,0,0,0,0
Q86Z02,0,0,1,0,0,0,0,1,0
Q8IUG5,0,1,0,0,0,0,1,0,0
Q8IVG5,0,0,0,0,1,0,0,1,0
Q8IVL1,0,1,0,0,0,0,0,1,0
Q8IWB7,0,0,0,0,0,0,1,1,0
Q8IWI9,0,0,0,0,0,1,0,1,0
Q8IWS0,0,0,0,0,0,0,1,1,0
Q8IWV8,0,1,0,0,0,0,0,1,0
Q8IX07,0,0,0,1,0,0,0,1,0
Q8IXH7,0,0,0,1,0,0,0,1,0
Q8IXJ9,0,0,1,0,0,0,0,1,0
Q8IY67,0,0,0,1,0,0,0,1,0
Q8IYH5,0,0,0,0,0,0,1,1,0
Q8IYL3,0,0,0,0,0,1,0,1,0
Q8IYW2,1,0,0,0,0,0,0,1,0
Q8IZ21,0,0,1,0,0,0,0,1,0
Q8IZL8,0,1,0,0,0,0,0,1,0
Q8N1G1,0,0,1,0,0,0,0,1,0
Q8N1Q1,0,0,1,0,0,0,0,1,0
Q8N2W9,0,1,0,0,0,0,0,1,0
Q8N392,1,1,0,0,0,0,0,0,0
Q8N3C0,0,0,1,0,0,0,0,1,0
Q8N3K9,0,0,1,0,0,0,0,1,0
Q8N4C6,0,0,1,0,0,0,0,1,0
Q8N4J0,0,0,0,1,0,0,0,1,0
Q8N543,0,1,0,0,0,0,0,1,0
Q8N556,0,0,1,0,0,0,0,1,0
Q8N684,0,0,0,1,0,0,0,1,0
Q8N7H5,0,0,0,1,0,0,0,1,0
Q8N7Z5,0,0,1,0,0,0,0,1,0
Q8N806,0,0,0,1,0,0,0,1,0
Q8N8A6,0,0,1,0,0,0,0,1,0
Q8N8N7,1,0,0,0,0,0,0,1,0
Q8N9T8,0,0,0,0,0,1,0,1,0
Q8NAV1,0,0,0,1,0,0,0,1,0
Q8NCA5,0,0,1,0,0,0,0,1,0
Q8ND56,0,0,0,1,0,0,0,1,0
Q8NDH3,0,0,0,0,0,0,1,1,0
Q8NEM8,0,0,1,0,0,1,0,0,0
Q8NEZ4,0,0,1,0,0,0,0,1,0
Q8NEZ5,0,1,0,0,0,0,0,1,0
Q8NFC6,0,0,1,0,0,0,0,1,0
Q8NFD5,0,0,1,0,0,0,0,1,0
Q8NFH4,0,0,0,1,0,0,0,1,0
Q8TAF3,0,1,0,0,0,0,0,1,0
Q8TD57,0,1,0,0,0,0,0,1,0
Q8TEK3,0,0,1,0,0,0,0,1,0
Q8TF05,0,0,0,1,0,0,0,1,0
Q8TF09,1,0,0,1,0,0,0,0,0
Q8WUA2,0,0,0,1,0,0,0,1,0
Q8WUH2,0,1,0,0,0,0,0,1,0
Q8WUI4,1,0,0,0,0,0,0,1,0
Q8WUM0,0,0,0,1,0,0,0,1,0
Q8WVM7,0,1,0,0,1,0,0,0,0
Q8WVV9,0,0,0,1,0,0,0,1,0
Q8WWQ0,0,0,0,1,0,0,0,1,0
Q8WWY3,0,0,0,1,0,0,0,1,0
Q8WXG6,0,0,1,0,0,0,0,1,0
Q8WXI9,0,0,0,1,0,0,0,1,0
Q8WXX0,0,0,0,0,0,1,0,1,0
Q8WYA0,0,0,0,0,0,0,0,1,1
Q8WYA1,0,0,1,1,0,0,0,0,0
Q8WYA6,0,0,0,1,0,0,0,1,0
Q8WYB5,0,0,1,1,0,0,0,0,0
Q92794,1,0,0,0,0,0,0,1,0
Q92834,0,0,0,1,0,0,0,1,0
Q92878,0,0,0,1,0,0,0,1,0
Q92879,0,0,0,1,0,0,0,1,0
Q92888,0,0,0,0,1,0,0,1,0
Q92925,0,1,0,0,0,0,0,1,0
Q92979,0,1,0,0,0,0,0,1,0
Q92995,0,0,1,0,0,0,0,1,0
Q969G3,0,0,0,1,0,0,0,1,0
Q969U7,0,1,0,0,0,0,0,1,0
Q96AQ6,0,0,0,1,0,0,0,1,0
Q96AZ6,0,0,0,0,1,0,0,1,0
Q96C90,0,1,0,0,0,0,0,1,0
Q96DB5,0,0,0,0,1,0,0,1,0
Q96EE3,0,0,0,1,0,0,0,1,0
Q96EP0,0,0,0,0,0,0,1,1,0
Q96GD4,0,0,1,0,0,0,0,1,0
Q96HE9,0,0,1,0,0,0,0,1,0
Q96I25,0,0,1,0,0,0,0,1,0
Q96J92,0,0,1,1,0,0,0,0,0
Q96JH7,0,0,0,0,1,0,0,1,0
Q96K83,0,0,1,1,0,0,0,0,0
Q96KM6,0,1,0,0,0,0,0,1,0
Q96KN1,0,0,0,1,0,0,0,1,0
Q96KP1,0,0,0,0,1,0,0,1,0
Q96KQ7,0,1,0,0,0,0,0,1,0
Q96KR1,0,1,0,0,0,0,0,1,0
Q96L73,0,0,1,0,0,0,0,1,0
Q96M27,0,0,0,1,0,0,0,1,0
Q96PZ0,0,0,0,1,0,0,0,1,0
Q96QC0,0,0,1,1,0,0,0,0,0
Q96QE3,0,0,1,0,0,0,0,1,0
Q96QR8,0,0,0,0,1,0,0,1,0
Q96RL7,0,0,0,0,1,0,0,1,0
Q96RY7,0,0,1,0,0,0,0,1,0
Q96T76,0,0,0,1,0,0,0,1,0
Q96T88,0,0,0,0,0,0,1,1,0
Q99459,0,0,0,1,0,0,0,1,0
Q99496,0,0,0,1,0,0,0,1,0
Q99567,0,0,0,1,0,0,0,1,0
Q99590,0,0,1,0,0,0,0,1,0
Q99698,0,0,1,0,0,0,0,1,0
Q99848,0,0,0,1,0,0,0,1,0
Q9BPU6,0,0,1,1,0,0,0,0,0
Q9BQ67,0,0,0,1,0,0,0,1,0
Q9BQA1,0,0,0,0,1,0,0,1,0
Q9BR09,0,0,1,1,0,0,0,0,0
Q9BRP8,0,0,1,0,0,0,0,1,0
Q9BSD7,0,0,0,1,0,0,0,1,0
Q9BUH6,0,0,0,1,0,0,0,1,0
Q9BUJ2,0,0,0,1,0,0,0,1,0
Q9BV20,0,0,0,1,0,0,0,1,0
Q9BV38,0,0,0,1,0,0,0,1,0
Q9BV86,0,0,0,1,0,0,0,1,0
Q9BVV6,0,0,1,1,0,0,0,0,0
Q9BWJ5,0,0,0,1,0,0,0,1,0
Q9BXT8,0,0,0,1,1,0,0,0,0
Q9BXX3,0,0,1,0,0,0,0,1,0
Q9BXY8,0,1,0,0,0,1,0,0,0
Q9BYW2,1,0,0,0,0,0,0,1,0
Q9BZE4,0,0,0,1,0,0,0,1,0
Q9BZJ0,0,0,0,1,0,0,0,1,0
Q9BZK7,0,0,0,1,0,0,0,1,0
Q9BZM3,0,0,1,1,0,0,0,0,0
Q9C000,0,0,0,1,1,0,0,0,0
Q9C0B2,0,0,1,0,0,1,0,0,0
Q9C0C2,0,0,0,1,0,0,0,1,0
Q9C0C9,0,1,0,0,0,0,0,1,0
Q9C0E2,0,0,0,1,0,0,0,1,0
Q9C0G6,0,0,1,0,0,0,0,1,0
Q9GZL7,0,1,0,0,0,0,0,1,0
Q9GZP4,0,1,0,0,0,0,0,1,0
Q9GZP8,1,0,0,0,0,0,0,1,0
Q9GZR2,0,1,0,1,0,0,0,0,0
Q9GZS3,0,0,0,1,0,0,0,1,0
Q9GZZ9,0,1,0,0,0,0,0,1,0
Q9H074,0,1,0,0,0,0,0,1,0
Q9H0A0,0,0,0,1,0,0,0,1,0
Q9H0I3,0,0,1,0,1,0,0,0,0
Q9H116,0,0,1,0,0,0,0,1,0
Q9H2C0,0,1,0,0,0,0,0,1,0
Q9H2D6,0,0,0,1,0,0,0,1,0
Q9H2T7,0,0,1,1,0,0,0,0,0
Q9H4A3,0,1,0,0,0,0,0,1,0
Q9H4H8,0,0,0,0,0,0,1,1,0
Q9H5L6,0,0,1,0,1,0,0,0,0
Q9H5U6,0,0,1,0,0,0,0,1,0
Q9H8M2,1,0,0,1,0,0,0,0,0
Q9H8X2,0,1,1,0,0,0,0,0,0
Q9H8Y8,0,1,0,0,0,0,0,1,0
Q9H9A6,0,0,0,1,0,0,0,1,0
Q9H9Q2,0,1,0,0,0,0,0,1,0
Q9HAB8,0,1,0,0,0,0,0,1,0
Q9HAW4,0,0,1,0,0,0,0,1,0
Q9HCH0,0,0,1,0,0,0,0,1,0
Q9HCM1,0,0,1,0,0,0,0,1,0
Q9HCU9,0,0,0,0,0,1,0,1,0
Q9NP77,0,1,0,0,0,0,0,1,0
Q9NPF4,0,0,0,1,0,0,0,1,0
Q9NPF5,0,0,1,0,0,0,0,1,0
Q9NRC6,0,0,1,0,0,0,0,1,0
Q9NS73,1,0,1,0,0,0,0,0,0
Q9NSI6,0,0,1,0,0,0,0,1,0
Q9NSK0,0,0,1,0,0,0,0,1,0
Q9NT62,0,1,0,0,0,0,0,1,0
Q9NTJ4,0,0,1,0,0,0,0,1,0
Q9NTX5,0,1,0,1,0,0,0,0,0
Q9NV70,0,1,0,0,0,0,0,1,0
Q9NVC6,0,0,1,0,0,0,0,1,0
Q9NVP1,0,0,0,1,0,0,0,1,0
Q9NVX2,0,1,0,0,0,0,0,1,0
Q9NW08,0,0,1,0,0,0,0,1,0
Q9NW13,0,0,0,0,0,0,1,1,0
Q9NW64,0,1,0,0,0,0,0,1,0
Q9NWH9,0,0,0,1,0,0,0,1,0
Q9NX02,0,0,0,1,0,0,0,1,0
Q9NX05,0,0,1,1,0,0,0,0,0
Q9NX24,0,0,0,1,0,0,0,1,0
Q9NXF1,0,0,0,1,0,0,0,1,0
Q9NXH9,0,1,0,0,0,0,0,1,0
Q9NXN4,0,0,1,0,0,0,0,1,0
Q9NY12,0,0,0,1,0,0,0,1,0
Q9NYC9,0,1,0,0,0,0,0,1,0
Q9NYF0,0,1,0,0,0,0,0,1,0
Q9NZL4,0,1,0,0,0,0,0,1,0
Q9P0U4,0,0,0,0,0,1,0,1,0
Q9P1Q0,0,0,1,0,0,0,0,1,0
Q9P219,0,0,1,0,0,0,0,1,0
Q9P275,0,0,0,1,0,0,0,1,0
Q9P2I0,0,1,0,0,0,0,0,1,0
Q9P2K1,0,0,0,0,0,1,1,0,0
Q9P2K5,0,0,0,1,0,0,0,1,0
Q9P2M7,0,0,1,0,0,0,0,1,0
Q9P2R6,0,0,1,0,0,0,0,1,0
Q9UBL3,0,0,1,0,0,0,0,1,0
Q9UBU8,0,0,0,1,0,0,0,1,0
Q9UDT6,0,1,0,0,0,0,0,1,0
Q9UFH2,0,0,1,0,0,0,0,1,0
Q9UGI8,0,0,0,1,0,0,0,1,0
Q9UGK3,0,0,0,0,0,1,1,0,0
Q9UGL1,0,0,0,0,1,0,0,1,0
Q9UHJ6,0,1,0,0,0,0,0,1,0
Q9UHV7,1,0,0,0,0,0,0,1,0
Q9UHW5,0,0,0,0,0,1,0,1,0
Q9UHY1,0,1,0,0,0,0,0,1,0
Q9UI10,0,0,0,1,0,0,0,1,0
Q9UI26,0,1,0,0,0,0,0,1,0
Q9UIC8,1,0,0,0,0,0,0,1,0
Q9UIV1,0,0,0,1,0,0,0,1,0
Q9UJX3,0,1,0,0,0,0,0,1,0
Q9UJX5,0,0,0,1,0,0,0,1,0
Q9UKD2,0,1,0,0,0,0,0,1,0
Q9UKL0,0,0,0,1,0,0,0,1,0
Q9UL63,0,0,0,0,0,0,1,1,0
Q9ULH1,0,0,1,0,0,0,0,1,0
Q9ULI0,0,0,0,1,0,0,0,1,0
Q9ULL8,0,0,0,0,0,1,0,1,0
Q9ULQ0,0,0,1,0,0,1,0,0,0
Q9UMN6,0,0,0,0,0,1,0,1,0
Q9UNX4,0,1,0,0,0,0,0,1,0
Q9UPN9,0,0,1,0,0,0,0,1,0
Q9UPR6,0,0,1,0,0,0,0,1,0
Q9UPS8,0,0,1,0,0,0,0,1,0
Q9Y233,0,0,1,1,0,0,0,0,0
Q9Y294,0,1,0,0,0,0,0,1,0
Q9Y295,0,0,0,1,0,0,0,1,0
Q9Y2K3,0,0,1,0,0,0,0,1,0
Q9Y2T3,0,1,0,0,0,0,0,1,0
Q9Y2W2,0,0,0,0,1,0,0,1,0
Q9Y2X3,0,0,0,1,0,0,0,1,0
Q9Y2X7,0,1,0,0,0,0,0,1,0
Q9Y312,0,0,0,1,0,0,0,1,0
Q9Y3B4,0,0,0,1,0,0,0,1,0
Q9Y3B9,0,0,0,1,0,0,0,1,0
Q9Y3T9,0,0,0,1,0,0,0,1,0
Q9Y473,0,0,1,1,0,0,0,0,0
Q9Y4B6,0,1,0,0,0,0,0,1,0
Q9Y4X5,0,1,0,0,0,0,0,1,0
Q9Y5A9,0,0,0,1,0,0,0,1,0
Q9Y5L0,0,1,0,1,0,0,0,0,0
Q9Y5V0,0,0,0,0,0,0,1,1,0
Q9Y5Z7,0,0,0,0,0,1,1,0,0
Q9Y657,0,0,0,1,0,0,0,1,0
Q9Y6D6,0,0,1,0,0,0,0,1,0
Q9Y6D9,0,0,1,0,0,0,0,1,0
Q9Y6K1,0,0,1,0,0,0,0,1,0
Q9Y6X6,0,0,1,0,0,0,0,1,0
Q9Y6X8,0,1,0,1,0,0,0,0,0
A0A024RBG1,0,0,0,0,0,0,0,1,0
A0A1B0GWK0,0,0,0,0,0,0,0,1,0
A0A1W2PR19,0,0,0,0,0,1,0,0,0
A0A286YF01,0,0,0,0,0,0,0,1,0
A0AUZ9,0,0,0,0,0,0,0,1,0
A0MZ66,0,0,0,0,0,0,0,1,0
A1X283,0,0,0,0,0,0,0,1,0
A1XBS5,0,0,1,0,0,0,0,0,0
A1Z1Q3,0,0,0,0,0,0,0,1,0
A2A3N6,0,0,1,0,0,0,0,0,0
A2RRH5,0,0,0,1,0,0,0,0,0
A2RUC4,0,0,0,0,0,0,0,1,0
A2RUS2,0,0,0,0,0,0,0,1,0
A6NCC3,0,1,0,0,0,0,0,0,0
A6NDK9,0,0,0,0,0,0,0,1,0
A6NFN3,0,0,0,0,0,0,0,1,0
A6NHR9,0,0,0,0,0,0,0,1,0
A6NIH7,0,0,0,0,0,0,0,1,0
A6NIX2,0,0,1,0,0,0,0,0,0
A6NJ88,0,0,0,1,0,0,0,0,0
A6NJT0,0,0,1,0,0,0,0,0,0
A6NJZ7,0,0,0,0,0,0,0,1,0
A6NKT7,0,0,0,1,0,0,0,0,0
A6NLU0,0,0,1,0,0,0,0,0,0
A6NNW6,0,0,1,0,0,0,0,0,0
A8MT69,0,0,0,0,0,0,0,0,1
A8MT70,0,0,1,0,0,0,0,0,0
A8MX34,0,0,0,0,0,0,0,1,0
A8MXV4,0,0,0,0,0,0,0,1,0
A8MYZ6,0,0,1,0,0,0,0,0,0
B2RXH2,0,0,1,0,0,0,0,0,0
B4DXR9,0,0,1,0,0,0,0,0,0
L0R819,0,0,0,0,0,0,0,1,0
O00255,0,0,0,0,0,0,0,1,0
O00268,0,0,0,0,0,0,0,1,0
O00329,0,0,0,0,0,0,0,1,0
O00399,0,0,0,0,0,0,0,1,0
O00423,0,0,0,0,0,0,0,1,0
O00425,0,0,0,0,0,0,0,1,0
O00442,0,0,0,0,0,0,0,1,0
O00458,0,0,0,0,0,0,0,1,0
O00459,0,0,0,0,0,0,0,1,0
O00470,0,0,0,0,0,0,0,1,0
O00472,0,0,0,0,0,0,0,1,0
O00507,0,0,0,1,0,0,0,0,0
O00541,0,0,0,0,0,0,0,1,0
O00570,0,0,1,0,0,0,0,0,0
O00635,0,0,0,0,0,0,0,1,0
O14519,0,0,0,0,0,0,0,1,0
O14531,0,0,0,0,0,0,0,1,0
O14593,0,0,0,0,0,0,0,1,0
O14607,0,0,1,0,0,0,0,0,0
O14639,0,0,0,0,0,0,0,1,0
O14646,0,1,0,0,0,0,0,0,0
O14647,0,0,0,0,0,0,0,1,0
O14732,0,0,0,0,0,0,0,1,0
O14733,0,0,0,0,0,0,0,1,0
O14776,0,1,0,0,0,0,0,0,0
O14787,0,0,0,0,1,0,0,0,0
O14802,0,0,0,0,0,0,0,1,0
O14830,0,0,1,0,0,0,0,0,0
O14924,0,0,0,0,0,0,0,1,0
O14933,0,0,0,0,0,0,0,1,0
O15013,0,0,0,1,0,0,0,0,0
O15015,0,0,0,1,0,0,0,0,0
O15021,0,0,1,0,0,0,0,0,0
O15033,0,0,0,1,0,0,0,0,0
O15054,0,0,0,0,0,0,0,1,0
O15061,0,0,0,0,0,0,0,1,0
O15083,0,0,0,1,0,0,0,0,0
O15084,0,0,0,0,0,0,0,1,0
O15119,0,0,0,0,0,0,0,1,0
O15131,0,0,0,1,0,0,0,0,0
O15151,0,0,0,0,0,0,0,1,0
O15156,0,0,1,0,0,0,0,0,0
O15160,0,0,0,0,0,0,0,1,0
O15164,0,0,0,0,0,0,0,1,0
O15178,0,0,1,0,0,0,0,0,0
O15213,0,0,0,0,0,0,0,1,0
O15217,0,0,1,0,0,0,0,0,0
O15254,0,0,0,0,0,0,0,1,0
O15259,0,0,0,0,0,0,0,1,0
O15344,0,0,0,0,0,0,0,1,0
O15360,0,0,0,0,0,0,0,1,0
O15381,0,0,0,0,0,0,0,1,0
O15392,0,0,0,0,0,0,0,1,0
O15397,0,0,0,0,0,0,0,1,0
O15405,0,0,0,1,0,0,0,0,0
O15539,0,1,0,0,0,0,0,0,0
O15541,1,0,0,0,0,0,0,0,0
O15550,0,0,0,0,0,0,0,1,0
O43156,0,0,1,0,0,0,0,0,0
O43159,0,0,0,0,0,0,0,1,0
O43172,0,0,0,0,0,0,0,1,0
O43196,0,0,0,0,0,0,0,1,0
O43281,0,0,0,0,0,0,0,1,0
O43303,0,0,1,0,0,0,0,0,0
O43422,0,0,0,0,0,0,0,1,0
O43439,0,0,1,0,0,0,0,0,0
O43482,0,0,1,0,0,0,0,0,0
O43513,0,0,1,0,0,0,0,0,0
O43593,0,0,0,0,0,0,0,1,0
O43665,0,0,0,0,0,0,0,1,0
O43719,0,0,0,0,0,0,0,1,0
O43741,0,0,0,0,0,0,0,1,0
O43805,0,0,0,0,0,0,0,1,0
O43824,0,0,0,0,0,0,0,1,0
O43918,1,0,0,0,0,0,0,0,0
O60231,0,0,0,0,0,0,0,1,0
O60237,0,0,0,0,0,0,0,1,0
O60244,0,0,0,0,0,0,0,1,0
O60281,0,0,0,0,0,0,0,1,0
O60287,0,0,1,0,0,0,0,0,0
O60294,0,0,0,0,0,0,0,1,0
O60315,0,0,0,0,0,0,0,1,0
O60318,0,0,0,0,0,0,0,1,0
O60502,0,0,0,0,0,0,0,1,0
O60524,0,0,0,0,0,0,0,1,0
O60566,0,0,0,0,0,0,0,1,0
O60573,0,0,0,0,0,0,0,1,0
O60663,0,0,0,0,0,0,0,1,0
O60671,0,0,0,0,0,0,0,1,0
O60678,0,0,1,0,0,0,0,0,0
O60729,0,0,0,1,0,0,0,0,0
O60762,0,0,0,1,0,0,0,0,0
O60810,0,0,0,0,0,0,0,1,0
O60825,0,0,0,0,0,0,0,1,0
O60826,0,0,0,0,0,0,0,1,0
O60870,0,0,0,0,0,0,0,1,0
O60885,0,0,0,0,0,0,0,1,0
O60907,0,0,0,0,0,0,0,1,0
O60927,0,0,0,0,0,0,0,1,0
O60942,0,1,0,0,0,0,0,0,0
O75140,0,0,0,0,0,0,0,1,0
O75150,0,0,0,0,0,0,0,1,0
O75161,0,0,1,0,0,0,0,0,0
O75170,0,0,0,0,0,0,0,1,0
O75179,0,0,0,0,0,0,0,1,0
O75182,0,0,0,0,0,0,0,1,0
O75190,0,0,0,0,0,0,0,1,0
O75191,0,0,0,0,0,0,0,1,0
O75317,0,0,0,0,0,0,1,0,0
O75342,0,0,0,0,0,0,0,1,0
O75344,0,0,0,0,0,0,1,0,0
O75376,0,0,1,0,0,0,0,0,0
O75382,0,0,1,0,0,0,0,0,0
O75391,0,0,0,0,0,0,0,1,0
O75400,0,0,0,1,0,0,0,0,0
O75410,0,0,1,0,0,0,0,0,0
O75420,0,0,0,0,0,0,0,1,0
O75448,0,0,0,0,0,0,0,1,0
O75449,0,0,0,0,0,0,0,1,0
O75475,0,0,0,0,0,0,0,1,0
O75494,0,0,0,0,0,0,0,1,0
O75525,0,0,1,0,0,0,0,0,0
O75529,0,0,0,0,0,0,0,1,0
O75530,0,0,0,0,0,0,0,1,0
O75569,0,0,0,0,0,0,0,1,0
O75586,1,0,0,0,0,0,0,0,0
O75602,0,0,0,0,0,0,0,1,0
O75607,0,0,0,0,0,0,0,1,0
O75688,0,0,0,0,0,0,0,1,0
O75689,0,0,0,0,0,0,0,1,0
O75717,0,1,0,0,0,0,0,0,0
O75808,0,0,0,0,0,0,0,1,0
O75817,0,0,0,0,0,0,0,1,0
O75818,0,0,0,0,0,0,0,1,0
O75832,0,0,0,0,0,0,0,1,0
O75884,0,0,0,0,0,0,0,1,0
O75909,0,0,0,0,0,0,0,1,0
O75934,0,0,0,1,0,0,0,0,0
O75940,0,0,0,1,0,0,0,0,0
O75962,0,0,0,0,0,0,0,1,0
O76071,0,0,0,0,0,0,0,1,0
O76075,0,0,0,0,0,0,0,1,0
O77932,0,0,0,0,0,0,0,1,0
O94762,1,0,0,0,0,0,0,0,0
O94805,0,0,0,0,1,0,0,0,0
O94822,0,0,1,0,0,0,0,0,0
O94829,0,0,0,0,0,0,0,1,0
O94844,0,0,0,0,0,0,0,1,0
O94887,0,0,1,0,0,0,0,0,0
O94888,0,0,0,1,0,0,0,0,0
O94916,1,0,0,0,0,0,0,0,0
O94952,0,0,0,0,0,0,0,1,0
O94953,0,0,1,0,0,0,0,0,0
O94988,0,0,0,0,0,0,0,1,0
O94989,0,0,0,0,0,0,1,0,0
O95059,0,0,0,0,0,0,0,1,0
O95071,0,0,0,0,0,0,0,1,0
O95081,0,0,0,0,0,0,0,1,0
O95149,0,0,0,0,0,0,0,1,0
O95163,0,0,0,0,0,0,0,1,0
O95239,0,0,0,0,0,0,0,1,0
O95248,0,0,0,0,0,0,0,1,0
O95251,0,0,0,0,0,0,0,1,0
O95263,0,0,1,0,0,0,0,0,0
O95273,0,0,0,0,0,0,0,1,0
O95294,0,0,0,0,0,0,0,1,0
O95319,0,0,0,0,0,0,0,1,0
O95361,0,0,0,0,0,0,0,1,0
O95376,0,0,0,0,0,0,0,1,0
O95379,0,1,0,0,0,0,0,0,0
O95400,0,0,0,0,0,0,0,1,0
O95402,0,0,0,0,0,0,0,1,0
O95405,0,0,1,0,0,0,0,0,0
O95416,0,1,0,0,0,0,0,0,0
O95456,0,0,0,0,0,0,0,1,0
O95551,0,0,0,0,0,0,0,1,0
O95619,0,0,0,0,0,0,0,1,0
O95639,0,0,0,0,0,0,0,1,0
O95671,0,0,0,0,0,0,0,1,0
O95684,0,0,1,0,0,0,0,0,0
O95714,0,0,0,0,0,0,0,1,0
O95749,0,0,0,0,0,0,0,1,0
O95757,1,0,0,0,0,0,0,0,0
O95758,0,0,0,0,0,0,1,0,0
O95810,0,0,0,0,0,1,0,0,0
O95817,0,0,0,0,0,0,0,1,0
O95819,0,0,0,0,0,0,0,1,0
O95825,0,0,0,0,0,0,0,1,0
O95848,0,0,0,0,0,0,0,1,0
O95873,0,0,0,0,0,0,0,1,0
O95947,0,0,1,0,0,0,0,0,0
O95985,0,0,0,0,0,0,0,1,0
O95999,0,0,0,0,0,0,0,1,0
O96006,0,0,0,0,0,0,0,1,0
O96013,0,0,0,0,0,0,0,1,0
O96017,0,0,0,0,0,0,0,1,0
O96018,0,0,0,0,0,0,0,1,0
O96028,0,0,0,0,0,0,0,1,0
P00439,1,0,0,0,0,0,0,0,0
P02100,1,0,0,0,0,0,0,0,0
P02549,0,0,0,0,1,0,0,0,0
P04198,0,0,0,0,0,0,0,1,0
P04731,0,0,0,0,0,0,0,1,0
P04733,0,0,0,0,0,0,0,1,0
P05423,0,0,0,0,0,0,0,1,0
P05813,1,0,0,0,0,0,0,0,0
P07438,0,0,0,0,0,0,0,1,0
P07902,0,0,0,0,0,0,0,1,0
P07951,0,0,0,0,0,1,0,0,0
P08047,1,0,0,0,0,0,0,0,0
P09132,0,0,0,0,0,0,0,1,0
P0C025,0,0,1,0,0,0,0,0,0
P0C7H9,0,1,0,0,0,0,0,0,0
P0C7P3,0,0,0,0,0,0,0,1,0
P0CB47,0,0,1,0,0,0,0,0,0
P0CB48,0,0,0,0,1,0,0,0,0
P0DMB2,0,0,1,0,0,0,0,0,0
P0DMM9,0,0,0,0,0,0,0,1,0
P0DPB5,0,0,1,0,0,0,0,0,0
P10071,0,0,0,0,0,0,0,1,0
P10074,0,0,0,0,0,0,0,1,0
P10075,0,0,0,1,0,0,0,0,0
P10243,0,0,0,0,0,0,0,1,0
P10244,0,0,0,0,0,0,0,1,0
P10275,0,0,0,0,0,1,0,0,0
P10826,0,0,1,0,0,0,0,0,0
P10911,0,0,0,0,0,0,0,1,0
P11172,0,0,0,0,0,0,0,1,0
P11441,0,0,0,0,0,0,0,1,0
P11474,0,0,1,0,0,0,0,0,0
P11802,0,0,0,1,0,0,0,0,0
P11926,0,0,0,0,0,0,0,1,0
P12524,0,0,0,0,1,0,0,0,0
P12755,0,0,0,0,0,0,0,1,0
P12882,0,0,1,0,0,0,0,0,0
P13640,0,0,0,0,0,0,0,1,0
P13984,0,0,0,0,0,0,0,1,0
P15408,0,0,0,0,0,0,0,1,0
P15621,0,0,1,0,0,0,0,0,0
P15882,0,0,0,0,0,0,0,1,0
P15884,1,0,0,0,0,0,0,0,0
P16402,0,0,0,0,0,0,0,1,0
P16455,0,0,0,0,0,0,0,1,0
P17010,0,0,0,0,0,0,0,1,0
P17752,0,0,1,0,0,0,0,0,0
P18074,0,0,0,0,0,0,1,0,0
P18440,0,0,1,0,0,0,0,0,0
P18615,0,0,0,0,0,0,0,1,0
P18846,0,0,0,0,0,0,0,1,0
P18887,0,0,0,0,0,0,0,1,0
P19387,0,0,0,0,0,0,0,1,0
P19447,0,0,0,0,0,0,0,0,1
P19484,0,0,0,0,0,0,0,1,0
P19525,0,0,0,0,0,0,0,1,0
P20248,0,0,0,0,0,0,0,1,0
P20265,0,0,0,1,0,0,0,0,0
P20585,0,0,0,1,0,0,0,0,0
P22528,0,0,0,0,0,0,0,1,0
P22531,0,0,0,0,0,0,0,1,0
P22670,0,0,0,0,0,0,0,1,0
P22676,1,0,0,0,0,0,0,0,0
P23258,0,0,0,0,0,0,0,1,0
P23490,0,0,0,0,0,0,0,1,0
P23527,0,0,1,0,0,0,0,0,0
P24386,0,0,0,0,0,0,0,1,0
P24863,0,0,0,0,0,0,0,1,0
P25440,0,0,0,0,0,0,0,1,0
P25490,0,0,0,0,0,0,0,1,0
P26374,0,0,0,1,0,0,0,0,0
P27707,0,0,0,0,0,0,0,1,0
P27986,0,0,0,0,0,0,0,1,0
P28289,0,0,0,0,0,0,0,1,0
P28347,0,0,0,0,0,0,0,1,0
P28358,0,0,0,0,0,0,0,1,0
P28370,0,0,0,1,0,0,0,0,0
P28702,0,0,0,0,0,0,0,1,0
P29558,0,0,0,0,0,0,0,1,0
P30260,0,0,0,0,0,0,0,1,0
P31268,0,0,0,0,0,0,0,1,0
P31275,0,0,1,0,0,0,0,0,0
P31629,0,0,0,0,0,0,0,1,0
P32314,0,0,0,0,0,0,0,1,0
P32519,0,0,1,0,0,0,0,0,0
P35219,0,0,0,0,0,0,0,1,0
P35227,0,0,0,0,0,0,0,1,0
P35250,0,0,0,0,0,0,0,1,0
P35269,0,0,0,1,0,0,0,0,0
P35453,0,0,1,0,0,0,0,0,0
P35663,0,0,0,0,0,0,0,1,0
P35712,0,0,0,0,0,0,0,1,0
P36402,0,0,0,0,0,0,0,1,0
P36575,0,0,0,1,0,0,0,0,0
P36954,0,0,0,0,0,0,0,1,0
P37198,0,0,0,0,0,0,0,1,0
P37275,0,0,0,0,0,0,0,1,0
P38432,0,0,0,0,0,0,0,1,0
P38919,0,1,0,0,0,0,0,0,0
P39880,0,0,0,0,0,0,0,1,0
P40261,0,0,0,0,0,0,0,1,0
P40306,0,0,0,0,0,0,0,1,0
P40424,0,0,0,0,0,0,0,1,0
P40855,0,0,0,0,0,0,0,1,0
P41162,0,0,1,0,0,0,0,0,0
P41212,0,0,0,0,0,0,0,1,0
P41226,0,0,0,0,0,0,0,1,0
P41229,0,0,0,0,0,0,0,1,0
P41567,0,0,0,1,0,0,0,0,0
P42331,0,0,0,0,0,0,0,1,0
P42338,0,0,0,0,0,0,0,1,0
P42357,0,0,0,0,0,0,0,1,0
P42696,0,0,0,0,0,0,0,1,0
P42771,0,0,0,0,0,0,0,1,0
P42773,0,0,0,1,0,0,0,0,0
P42898,0,0,0,0,0,0,0,1,0
P45381,0,0,0,0,0,0,0,1,0
P46734,0,0,0,0,0,0,1,0,0
P48378,0,0,1,0,0,0,0,0,0
P48382,0,0,0,0,0,0,0,1,0
P48553,0,0,0,0,0,0,0,1,0
P48729,0,0,0,0,0,0,0,1,0
P48775,0,0,0,0,0,1,0,0,0
P49005,0,0,0,0,0,0,0,1,0
P49356,0,0,0,0,0,0,0,1,0
P49441,0,0,0,0,0,0,0,1,0
P49450,0,0,0,0,0,0,0,1,0
P49674,0,0,0,0,1,0,0,0,0
P49711,0,0,0,0,0,0,0,1,0
P49848,0,0,1,0,0,0,0,0,0
P49917,0,0,0,0,0,0,0,1,0
P50548,0,0,0,0,0,0,0,1,0
P50613,0,0,0,0,0,0,0,1,0
P51449,0,0,1,0,0,0,0,0,0
P51513,0,0,1,0,0,0,0,0,0
P51580,0,0,0,0,0,0,0,1,0
P51617,0,0,0,0,0,0,0,1,0
P51808,0,0,0,1,0,0,0,0,0
P51812,0,0,0,0,0,0,0,1,0
P51826,0,0,0,0,0,0,0,1,0
P51843,0,0,0,1,0,0,0,0,0
P51854,0,0,0,0,0,0,0,1,0
P51911,0,0,0,0,0,1,0,0,0
P51946,0,0,0,0,0,0,0,1,0
P51948,0,0,0,0,0,0,0,1,0
P51955,0,0,1,0,0,0,0,0,0
P52179,0,0,0,0,0,0,0,1,0
P52294,0,0,0,0,0,0,0,1,0
P52298,0,0,0,0,0,0,0,1,0
P52655,0,1,0,0,0,0,0,0,0
P52657,0,0,0,0,0,0,0,1,0
P52735,0,0,0,0,0,0,0,1,0
P52739,0,0,1,0,0,0,0,0,0
P52926,0,0,0,0,0,0,0,1,0
P53365,0,0,0,0,0,0,0,1,0
P53367,0,0,0,0,0,0,0,1,0
P53384,0,0,0,0,0,0,0,1,0
P53609,0,0,0,0,0,0,0,1,0
P53611,0,0,0,0,0,0,0,1,0
P53671,0,1,0,0,0,0,0,0,0
P54132,0,0,0,0,0,0,0,1,0
P54284,0,0,0,0,0,0,0,1,0
P54750,0,0,1,0,0,0,0,0,0
P54821,0,0,1,0,0,0,0,0,0
P55198,0,0,1,0,0,0,0,0,0
P55201,0,0,0,0,0,0,0,1,0
P56270,0,0,0,0,0,0,0,1,0
P56278,0,0,0,0,0,1,0,0,0
P56945,0,0,0,0,0,0,0,1,0
P57076,0,0,0,0,0,0,0,1,0
P57081,0,0,0,0,0,0,0,1,0
P57772,0,0,0,0,0,0,0,1,0
P59046,0,0,0,0,0,0,0,1,0
P59923,0,0,1,0,0,0,0,0,0
P60323,0,0,0,0,0,0,0,1,0
P60370,0,0,0,0,0,0,0,1,0
P60604,0,0,0,1,0,0,0,0,0
P60891,0,0,0,0,0,0,0,1,0
P61011,0,0,0,0,0,0,0,1,0
P61599,0,0,0,0,0,0,0,1,0
P61962,0,0,0,0,0,0,0,1,0
P61964,0,0,0,0,0,0,0,1,0
P62256,0,0,0,0,0,0,0,1,0
P62308,0,0,0,0,0,0,0,1,0
P62487,0,0,0,0,0,0,0,1,0
P62760,0,1,0,0,0,0,0,0,0
P62877,0,0,0,0,0,0,0,1,0
P63302,0,0,0,0,0,0,0,1,0
P78345,0,0,0,0,0,0,0,1,0
P78362,0,0,0,0,0,0,0,1,0
P78396,0,0,1,0,0,0,0,0,0
P78415,0,0,0,0,0,0,0,1,0
P78563,0,0,0,0,0,0,0,1,0
P80217,0,0,0,0,0,0,0,1,0
P82094,0,0,0,0,0,0,0,1,0
P83876,0,0,0,0,0,0,0,1,0
P84101,0,0,0,0,0,0,0,1,0
P85037,0,0,0,1,0,0,0,0,0
P85298,0,0,1,0,0,0,0,0,0
P98171,0,0,0,0,1,0,0,0,0
P98182,0,0,0,0,0,1,0,0,0
Q00341,0,0,0,1,0,0,0,0,0
Q00653,0,0,0,0,0,0,0,1,0
Q01064,0,0,0,0,0,0,0,1,0
Q01804,0,0,0,0,0,0,0,1,0
Q01892,0,0,1,0,0,0,0,0,0
Q02078,0,0,0,0,0,0,0,1,0
Q02447,0,0,0,0,0,0,0,1,0
Q03111,0,0,0,0,0,0,0,1,0
Q03112,0,0,0,0,0,0,0,1,0
Q03188,0,0,1,0,0,0,0,0,0
Q03468,0,0,0,0,0,0,0,1,0
Q03924,0,0,1,0,0,0,0,0,0
Q04323,0,0,0,0,0,0,0,1,0
Q04724,0,0,0,0,0,0,0,1,0
Q04864,0,0,0,0,0,0,0,1,0
Q05639,0,1,0,0,0,0,0,0,0
Q06190,0,0,0,0,0,0,0,1,0
Q06455,0,0,0,0,0,0,0,1,0
Q06710,0,0,0,0,0,0,0,1,0
Q07889,0,0,0,0,0,0,0,1,0
Q08426,0,0,0,0,0,0,0,1,0
Q08623,0,0,0,0,0,0,0,1,0
Q08AD1,0,0,0,0,0,0,0,1,0
Q08AM6,0,0,0,0,0,0,0,1,0
Q09019,0,0,0,0,0,0,0,1,0
Q09MP3,0,0,1,0,0,0,0,0,0
Q0VAA5,0,0,1,0,0,0,0,0,0
Q0VDD8,0,0,0,0,0,0,0,1,0
Q0VDF9,0,0,0,0,0,0,0,1,0
Q0VGL1,0,0,0,0,0,0,0,1,0
Q12768,0,0,0,0,0,0,0,1,0
Q12774,0,0,0,0,0,0,0,1,0
Q12788,0,0,0,0,0,0,0,1,0
Q12816,0,0,0,0,0,1,0,0,0
Q12824,0,0,0,0,0,0,0,1,0
Q12840,0,0,0,0,0,0,1,0,0
Q12872,0,0,0,0,0,0,0,1,0
Q12894,0,0,1,0,0,0,0,0,0
Q12948,0,0,1,0,0,0,0,0,0
Q12962,0,0,0,0,0,1,0,0,0
Q12972,0,0,0,0,0,0,0,1,0
Q12979,0,1,0,0,0,0,0,0,0
Q12986,0,0,0,0,0,0,0,1,0
Q13023,0,0,0,0,0,0,0,1,0
Q13029,0,0,0,1,0,0,0,0,0
Q13064,0,0,0,0,1,0,0,0,0
Q13085,0,0,0,0,0,0,0,1,0
Q13105,0,0,0,0,0,0,0,1,0
Q13106,0,0,0,1,0,0,0,0,0
Q13117,0,0,0,0,0,1,0,0,0
Q13129,0,0,0,0,0,0,0,1,0
Q13131,0,0,0,0,0,0,0,1,0
Q13136,0,0,0,0,0,0,0,1,0
Q13144,0,0,0,0,0,0,0,1,0
Q13163,0,0,1,0,0,0,0,0,0
Q13243,0,0,0,0,0,0,0,1,0
Q13287,0,0,0,0,0,0,0,1,0
Q13310,0,0,1,0,0,0,0,0,0
Q13330,0,0,0,1,0,0,0,0,0
Q13362,0,0,0,1,0,0,0,0,0
Q13402,0,0,0,0,0,0,0,1,0
Q13426,0,1,0,0,0,0,0,0,0
Q13459,0,0,0,0,0,0,0,1,0
Q13485,0,0,0,0,0,0,0,1,0
Q13562,1,0,0,0,0,0,0,0,0
Q13610,0,0,0,0,0,0,0,1,0
Q13643,0,0,0,0,0,0,0,1,0
Q13671,0,0,1,0,0,0,0,0,0
Q13769,0,0,0,0,0,0,0,1,0
Q13795,0,0,0,0,0,0,0,1,0
Q13835,0,0,0,0,0,0,0,1,0
Q13952,0,0,0,0,0,0,0,1,0
Q13976,0,0,1,0,0,0,0,0,0
Q14123,0,0,0,0,0,0,0,1,0
Q14134,0,0,0,0,0,0,0,1,0
Q14145,0,0,0,0,0,0,0,1,0
Q14146,0,0,0,0,0,0,0,1,0
Q14155,0,0,0,0,0,0,0,1,0
Q14161,0,0,0,0,0,0,0,1,0
Q14181,0,0,0,0,0,0,0,1,0
Q14185,0,0,0,0,0,0,0,1,0
Q14192,0,0,0,0,0,0,0,1,0
Q14202,0,0,0,0,0,0,0,1,0
Q14209,0,0,1,0,0,0,0,0,0
Q14331,0,0,0,0,0,0,0,1,0
Q14469,0,0,0,1,0,0,0,0,0
Q14587,0,0,1,0,0,0,0,0,0
Q14653,0,0,0,0,0,0,0,1,0
Q14657,0,0,0,0,0,0,0,1,0
Q14669,0,0,0,0,0,0,0,1,0
Q14674,0,0,1,0,0,0,0,0,0
Q14684,0,0,0,0,0,0,0,1,0
Q14692,0,0,0,0,0,0,0,1,0
Q14694,0,0,0,0,0,0,0,1,0
Q14865,0,0,1,0,0,0,0,0,0
Q14872,0,0,0,0,0,0,0,1,0
Q14896,0,0,0,0,0,0,0,1,0
Q14994,0,0,0,1,0,0,0,0,0
Q14997,0,0,1,0,0,0,0,0,0
Q149M9,0,0,0,0,0,0,0,1,0
Q149N8,0,0,0,0,0,0,0,1,0
Q14CW9,0,0,1,0,0,0,0,0,0
Q15003,0,0,0,0,0,0,0,1,0
Q15014,0,0,0,0,0,0,0,1,0
Q15018,0,0,0,0,0,0,0,1,0
Q15025,0,0,1,0,0,0,0,0,0
Q15047,0,0,0,0,0,0,0,1,0
Q15061,0,0,0,0,0,0,0,1,0
Q15067,0,0,0,0,0,0,0,1,0
Q15111,0,0,0,0,0,0,0,1,0
Q15172,0,0,0,0,0,0,0,1,0
Q15208,0,0,0,0,0,0,0,1,0
Q15291,0,0,0,0,0,0,0,1,0
Q15326,0,0,0,0,0,0,0,1,0
Q15334,0,0,0,0,0,0,0,1,0
Q15345,0,0,0,0,1,0,0,0,0
Q15386,0,0,1,0,0,0,0,0,0
Q15434,0,0,1,0,0,0,0,0,0
Q15477,0,0,0,0,0,0,0,1,0
Q15493,1,0,0,0,0,0,0,0,0
Q15528,0,0,0,0,0,0,0,1,0
Q15573,0,0,0,0,0,0,0,1,0
Q15645,0,0,0,0,0,0,0,1,0
Q15648,0,0,0,0,0,0,0,1,0
Q15652,0,0,0,0,0,0,0,1,0
Q15653,0,0,0,0,0,0,0,1,0
Q15696,0,1,0,0,0,0,0,0,0
Q15714,1,0,0,0,0,0,0,0,0
Q15750,0,0,0,0,0,0,0,1,0
Q15776,0,0,1,0,0,0,0,0,0
Q15788,0,0,1,0,0,0,0,0,0
Q15813,0,0,0,0,0,0,0,1,0
Q15906,0,0,1,0,0,0,0,0,0
Q15910,0,0,1,0,0,0,0,0,0
Q16513,0,0,0,0,0,0,0,1,0
Q16527,0,0,0,0,0,0,0,1,0
Q16537,0,0,0,0,0,0,0,1,0
Q16560,0,0,0,0,0,0,0,1,0
Q16600,1,0,0,0,0,0,0,0,0
Q16613,0,0,0,1,0,0,0,0,0
Q16637,0,0,0,0,0,0,0,1,0
Q16649,0,0,0,0,0,0,0,1,0
Q16667,0,0,1,0,0,0,0,0,0
Q16875,0,0,0,0,0,0,0,1,0
Q16877,0,0,1,0,0,0,0,0,0
Q16890,0,0,0,0,0,0,0,1,0
Q17R89,0,0,0,0,0,0,0,1,0
Q17R98,0,0,0,0,0,0,0,1,0
Q17RC7,0,0,0,0,0,0,0,1,0
Q19AV6,0,0,0,0,0,0,0,1,0
Q1ED39,0,0,0,0,0,0,0,1,0
Q1MSJ5,0,0,1,0,0,0,0,0,0
Q27J81,0,0,0,0,0,0,0,1,0
Q2KHM9,0,0,0,0,0,0,0,1,0
Q2KJY2,0,0,0,0,0,0,0,1,0
Q2M1K9,0,0,0,0,0,0,0,1,0
Q2TAL8,0,0,0,0,0,0,0,1,0
Q2TB10,0,0,0,0,0,0,0,1,0
Q2TBE0,0,0,0,0,0,0,0,1,0
Q2VPK5,0,1,0,0,0,0,0,0,0
Q2YD98,0,0,0,0,0,0,0,1,0
Q32M88,0,0,0,0,0,0,0,1,0
Q32P44,0,0,0,0,0,0,0,1,0
Q3B726,0,0,1,0,0,0,0,0,0
Q3B7T1,0,0,0,0,1,0,0,0,0
Q3KQU3,0,0,0,0,0,0,0,1,0
Q3L8U1,0,0,0,0,0,1,0,0,0
Q3LFD5,0,0,1,0,0,0,0,0,0
Q3LI62,0,1,0,0,0,0,0,0,0
Q3SXY8,0,1,0,0,0,0,0,0,0
Q3SY00,0,0,0,0,0,0,0,1,0
Q3T8J9,0,0,0,0,0,0,0,1,0
Q3ZCW2,0,0,0,0,0,0,0,1,0
Q460N5,0,0,0,0,0,0,0,1,0
Q494V2,0,0,0,0,1,0,0,0,0
Q494X3,1,0,0,0,0,0,0,0,0
Q49A26,0,0,0,0,0,0,0,1,0
Q49AA0,0,0,1,0,0,0,0,0,0
Q49MI3,0,0,1,0,0,0,0,0,0
Q4G0J3,0,0,0,0,0,0,0,1,0
Q4G0S4,0,0,0,1,0,0,0,0,0
Q4G0Z9,0,0,1,0,0,0,0,0,0
Q4KMP7,0,0,0,0,0,0,0,1,0
Q4KWH8,0,0,0,0,0,0,0,1,0
Q4LE39,0,0,0,0,0,0,0,1,0
Q52LW3,0,0,0,0,0,0,0,1,0
Q53EV4,0,0,0,0,0,0,0,1,0
Q53EZ4,0,0,1,0,0,0,0,0,0
Q53F19,0,0,1,0,0,0,0,0,0
Q53GL7,0,0,0,0,0,0,0,1,0
Q53GT1,0,0,0,0,0,0,0,1,0
Q53H47,0,0,0,1,0,0,0,0,0
Q53QW1,0,0,0,1,0,0,0,0,0
Q53TQ3,0,0,0,0,0,0,0,1,0
Q567U6,0,0,0,0,0,0,0,1,0
Q56NI9,0,0,0,0,0,0,0,1,0
Q56UN5,0,0,1,0,0,0,0,0,0
Q587J7,0,1,0,0,0,0,0,0,0
Q58F21,0,0,0,0,0,0,0,1,0
Q58WW2,0,0,0,0,0,0,0,1,0
Q5BN46,0,0,0,0,0,0,0,1,0
Q5F1R6,0,0,0,0,0,0,0,1,0
Q5FWF4,0,0,0,0,0,0,0,1,0
Q5GLZ8,0,0,0,0,0,0,0,1,0
Q5H9F3,0,0,0,0,0,0,1,0,0
Q5H9I0,0,0,1,0,0,0,0,0,0
Q5H9R7,0,0,0,0,0,0,0,1,0
Q5JQC9,0,0,0,0,0,0,0,1,0
Q5JR59,0,0,1,0,0,0,0,0,0
Q5JSH3,0,0,0,0,0,0,0,1,0
Q5JSJ4,0,0,0,0,0,0,0,1,0
Q5JSP0,0,0,0,1,0,0,0,0,0
Q5JTD0,0,0,1,0,0,0,0,0,0
Q5JU85,0,0,1,0,0,0,0,0,0
Q5M775,0,0,0,0,0,0,0,1,0
Q5MNZ6,0,0,0,0,0,0,0,1,0
Q5PSV4,0,0,0,1,0,0,0,0,0
Q5QGS0,0,0,0,0,0,0,0,1,0
Q5RL73,0,0,0,0,0,1,0,0,0
Q5SVQ8,0,0,1,0,0,0,0,0,0
Q5SVZ6,0,0,0,0,0,0,0,1,0
Q5SWL7,0,0,0,0,0,0,1,0,0
Q5SY16,0,0,0,0,0,0,0,1,0
Q5T0F9,0,0,1,0,0,0,0,0,0
Q5T1M5,0,0,0,0,0,0,0,1,0
Q5T1R4,0,0,0,0,0,0,0,1,0
Q5T1V6,0,0,1,0,0,0,0,0,0
Q5T3J3,0,0,1,0,0,0,0,0,0
Q5T447,0,0,0,0,0,0,0,1,0
Q5T5B0,0,0,0,0,0,1,0,0,0
Q5T5P2,0,0,0,0,0,0,0,1,0
Q5T5Y3,0,0,0,0,0,0,0,1,0
Q5T750,0,0,0,0,0,0,0,1,0
Q5T753,0,0,0,0,0,0,0,1,0
Q5T764,0,0,0,0,0,1,0,0,0
Q5T7N2,0,0,0,0,0,0,0,1,0
Q5T8A7,0,0,0,0,0,0,0,1,0
Q5TAG4,0,0,0,0,0,1,0,0,0
Q5TB80,0,0,0,0,0,0,0,1,0
Q5TBA9,0,0,0,0,0,0,0,1,0
Q5TBB1,0,0,1,0,0,0,0,0,0
Q5TCZ1,0,1,0,0,0,0,0,0,0
Q5THR3,0,1,0,0,0,0,0,0,0
Q5TID7,0,0,1,0,0,0,0,0,0
Q5U623,0,0,1,0,0,0,0,0,0
Q5VSY0,0,0,0,1,0,0,0,0,0
Q5VT52,0,0,0,0,0,0,0,1,0
Q5VT97,0,0,0,0,0,0,0,1,0
Q5VTL8,0,0,0,0,0,0,0,1,0
Q5VU43,0,0,0,0,0,0,0,1,0
Q5VUA4,0,0,0,0,0,0,0,1,0
Q5VV41,0,0,0,0,0,0,0,1,0
Q5VVJ2,0,0,0,1,0,0,0,0,0
Q5VWG9,0,0,0,0,0,0,0,1,0
Q5VWZ2,0,1,0,0,0,0,0,0,0
Q5VXU9,0,0,0,0,0,0,0,1,0
Q5VY09,0,0,0,0,0,0,0,1,0
Q5VYS8,0,0,0,0,0,0,0,1,0
Q5VZE5,0,1,0,0,0,0,0,0,0
Q5VZL5,0,0,0,1,0,0,0,0,0
Q5VZM2,0,0,0,0,0,0,0,1,0
Q5VZP5,0,1,0,0,0,0,0,0,0
Q5XPI4,0,0,0,0,0,0,0,1,0
Q63HK3,0,0,1,0,0,0,0,0,0
Q63HK5,0,0,0,0,0,0,0,1,0
Q659A1,0,0,0,1,0,0,0,0,0
Q659C4,0,0,0,0,0,1,0,0,0
Q66GS9,0,0,0,1,0,0,0,0,0
Q66PJ3,0,0,0,0,0,0,0,1,0
Q684P5,0,0,0,0,0,0,0,1,0
Q68CZ1,0,0,1,0,0,0,0,0,0
Q68D10,0,0,0,0,0,0,0,1,0
Q68DK2,0,0,0,0,0,0,0,1,0
Q68DK7,0,0,1,0,0,0,0,0,0
Q68DQ2,0,0,0,0,0,0,0,1,0
Q68DY1,0,0,1,0,0,0,0,0,0
Q68E01,0,0,0,0,0,0,0,1,0
Q68J44,0,0,1,0,0,0,0,0,0
Q6AHZ1,0,0,0,1,0,0,0,0,0
Q6B0K9,0,0,1,0,0,0,0,0,0
Q6BCY4,0,0,0,0,0,0,0,1,0
Q6DKI1,0,0,0,0,0,0,0,1,0
Q6DN90,0,0,1,0,0,0,0,0,0
Q6DT37,0,1,0,0,0,0,0,0,0
Q6EMB2,0,0,0,0,0,0,0,1,0
Q6FIF0,0,0,0,0,0,0,0,1,0
Q6GQQ9,0,0,1,0,0,0,0,0,0
Q6GYQ0,0,0,0,0,0,0,0,1,0
Q6H8Q1,0,0,0,0,0,0,0,1,0
Q6I9Y2,0,0,0,0,0,0,0,1,0
Q6ICL3,0,0,0,0,0,0,0,1,0
Q6IE81,0,0,0,0,0,0,0,1,0
Q6IQ21,0,0,1,0,0,0,0,0,0
Q6L8H4,0,0,0,0,0,0,0,1,0
Q6MZP7,0,0,0,0,0,0,0,1,0
Q6N021,0,0,0,0,0,0,0,1,0
Q6NSI4,0,0,1,0,0,0,0,0,0
Q6NWY9,0,0,0,0,0,0,0,1,0
Q6NXE6,0,0,0,0,0,0,0,1,0
Q6NXG1,0,0,0,0,0,0,0,1,0
Q6NXR4,0,0,0,0,0,0,0,1,0
Q6NZY4,0,0,0,0,0,0,0,1,0
Q6P1K2,0,0,0,0,0,0,0,1,0
Q6P1M3,0,0,0,0,0,0,0,1,0
Q6P1X5,0,0,1,0,0,0,0,0,0
Q6P2E9,0,0,0,0,0,0,0,1,0
Q6P4F7,0,0,0,0,0,0,0,1,0
Q6P4I2,0,0,0,0,0,0,0,1,0
Q6P4R8,0,0,0,1,0,0,0,0,0
Q6P5Q4,0,0,1,0,0,0,0,0,0
Q6P5Z2,0,0,1,0,0,0,0,0,0
Q6P996,0,0,0,0,0,0,0,1,0
Q6PCT2,0,0,1,0,0,0,0,0,0
Q6PD74,0,0,0,1,0,0,0,0,0
Q6PGP7,0,0,0,0,0,0,0,1,0
Q6PGQ7,0,0,1,0,0,0,0,0,0
Q6PI26,0,0,0,0,0,0,0,1,0
Q6PJ69,0,0,1,0,0,0,0,0,0
Q6PJG2,0,0,0,0,0,0,0,1,0
Q6PJI9,0,0,0,0,0,0,0,1,0
Q6RI45,0,0,0,0,0,0,0,1,0
Q6STE5,0,0,0,0,0,0,0,1,0
Q6UB98,0,0,0,0,0,0,0,1,0
Q6UVJ0,0,0,0,0,0,0,0,1,0
Q6UWE0,0,0,0,0,0,0,0,1,0
Q6UWZ7,0,0,0,0,0,0,0,1,0
Q6V1X1,0,0,0,0,0,0,0,1,0
Q6VUC0,0,0,0,0,0,0,0,1,0
Q6WBX8,0,0,0,0,0,0,0,1,0
Q6XD76,0,1,0,0,0,0,0,0,0
Q6ZMK1,0,0,0,0,0,0,0,1,0
Q6ZN04,1,0,0,0,0,0,0,0,0
Q6ZN18,0,0,0,0,0,1,0,0,0
Q6ZN30,0,0,0,0,0,0,0,1,0
Q6ZNJ1,0,0,0,0,0,0,0,1,0
Q6ZNW5,0,0,0,0,0,0,0,1,0
Q6ZP82,0,0,0,0,0,0,0,1,0
Q6ZRS2,0,0,0,0,0,0,0,1,0
Q6ZRV2,0,0,0,0,0,0,0,1,0
Q6ZSZ6,0,0,1,0,0,0,0,0,0
Q6ZW49,0,0,1,0,0,0,0,0,0
Q70CQ4,0,0,0,0,0,0,0,1,0
Q70EL2,0,0,0,1,0,0,0,0,0
Q70YC5,0,0,1,0,0,0,0,0,0
Q70Z35,0,0,0,0,0,0,0,1,0
Q70Z53,0,1,0,0,0,0,0,0,0
Q712K3,0,0,0,0,0,0,0,1,0
Q71F56,0,0,1,0,0,0,0,0,0
Q76L83,0,0,1,0,0,0,0,0,0
Q76NI1,0,0,0,0,0,0,0,1,0
Q7L1T6,0,0,0,1,0,0,0,0,0
Q7L266,0,0,0,0,0,0,0,1,0
Q7L4P6,0,0,0,1,0,0,0,0,0
Q7L775,0,0,0,0,0,0,0,1,0
Q7L945,0,0,1,0,0,0,0,0,0
Q7LBC6,0,0,0,0,0,0,0,1,0
Q7RTP6,0,0,0,0,0,0,0,1,0
Q7RTR2,0,0,1,0,0,0,0,0,0
Q7Z2X4,0,0,0,1,0,0,0,0,0
Q7Z2Y5,0,0,0,0,0,0,0,1,0
Q7Z2Z1,0,0,0,1,0,0,0,0,0
Q7Z333,0,0,0,0,0,0,0,1,0
Q7Z353,0,0,0,0,0,0,0,1,0
Q7Z392,0,0,0,0,0,1,0,0,0
Q7Z3G6,0,0,1,0,0,0,0,0,0
Q7Z3K6,0,0,0,0,0,0,0,1,0
Q7Z3V5,0,1,0,0,0,0,0,0,0
Q7Z3Z4,0,0,0,0,0,0,0,1,0
Q7Z401,0,0,0,0,0,0,0,1,0
Q7Z417,0,0,0,0,1,0,0,0,0
Q7Z478,0,0,0,0,0,0,0,1,0
Q7Z4H7,0,0,0,0,0,0,0,1,0
Q7Z4Q2,0,0,0,0,0,0,0,1,0
Q7Z4V0,0,0,0,0,0,0,0,1,0
Q7Z4W3,0,0,0,0,0,0,0,1,0
Q7Z569,0,0,0,0,0,0,0,1,0
Q7Z570,1,0,0,0,0,0,0,0,0
Q7Z591,0,1,0,0,0,0,0,0,0
Q7Z5D8,1,0,0,0,0,0,0,0,0
Q7Z6B7,0,0,0,0,0,0,0,1,0
Q7Z6J0,0,0,0,0,0,0,0,1,0
Q7Z6J4,0,0,1,0,0,0,0,0,0
Q7Z6K3,0,0,1,0,0,0,0,0,0
Q7Z7B0,1,0,0,0,0,0,0,0,0
Q7Z7E8,0,0,0,0,0,0,0,1,0
Q7Z7K6,0,0,0,1,0,0,0,0,0
Q7Z7L9,1,0,0,0,0,0,0,0,0
Q86SZ2,0,0,0,0,0,0,0,1,0
Q86T29,0,0,1,0,0,0,0,0,0
Q86T75,0,0,1,0,0,0,0,0,0
Q86TB9,0,0,0,0,0,0,0,1,0
Q86TC9,0,0,0,1,0,0,0,0,0
Q86TI2,0,0,0,0,0,0,0,1,0
Q86TP1,0,0,0,0,0,0,0,1,0
Q86TU7,0,0,0,0,0,0,0,1,0
Q86U44,0,0,0,0,0,0,0,1,0
Q86U70,0,0,0,0,0,0,0,1,0
Q86UA1,0,0,0,0,0,0,0,1,0
Q86UP3,0,0,0,0,0,0,0,1,0
Q86V97,0,0,0,0,0,0,0,1,0
Q86VM9,0,0,0,0,0,0,0,1,0
Q86VS8,0,0,0,0,0,0,0,1,0
Q86VV8,0,0,0,0,0,0,0,1,0
Q86W28,0,0,0,0,0,0,0,1,0
Q86W42,0,0,0,0,0,0,0,1,0
Q86W50,0,0,1,0,0,0,0,0,0
Q86W54,0,0,1,0,0,0,0,0,0
Q86WB0,0,0,0,0,0,0,0,1,0
Q86WI3,0,0,1,0,0,0,0,0,0
Q86WT6,0,0,1,0,0,0,0,0,0
Q86X83,0,0,0,0,0,0,0,1,0
Q86XI2,0,0,0,1,0,0,0,0,0
Q86XI6,0,0,0,0,1,0,0,0,0
Q86XK2,0,0,0,0,0,0,0,1,0
Q86XW9,0,0,0,0,0,0,0,1,0
Q86Y13,0,0,0,0,0,0,0,1,0
Q86Y56,0,0,0,0,0,0,0,1,0
Q86Y97,0,0,1,0,0,0,0,0,0
Q86YV5,0,0,0,0,0,0,0,1,0
Q86YW0,1,0,0,0,0,0,0,0,0
Q86Z20,0,0,0,0,0,0,0,1,0
Q8HWS3,0,0,1,0,0,0,0,0,0
Q8IUC4,0,0,0,0,0,0,0,1,0
Q8IUF8,0,0,0,0,0,0,0,1,0
Q8IUI8,0,0,0,0,0,0,0,1,0
Q8IUM7,0,0,1,0,0,0,0,0,0
Q8IUR0,0,0,0,0,0,0,0,1,0
Q8IUR6,0,0,1,0,0,0,0,0,0
Q8IUX4,0,1,0,0,0,0,0,0,0
Q8IV61,0,0,0,0,1,0,0,0,0
Q8IVD9,0,0,0,0,0,0,0,1,0
Q8IVL0,0,0,0,0,0,0,0,1,0
Q8IVU3,0,0,0,1,0,0,0,0,0
Q8IVV2,0,0,0,0,0,0,0,1,0
Q8IWA0,0,0,0,0,0,0,0,1,0
Q8IWE2,0,0,0,0,0,0,0,1,0
Q8IWE5,0,0,1,0,0,0,0,0,0
Q8IWN7,0,0,1,0,0,0,0,0,0
Q8IWR0,0,0,0,0,0,0,0,1,0
Q8IWT0,0,0,0,1,0,0,0,0,0
Q8IWT3,0,0,1,0,0,0,0,0,0
Q8IWV7,0,0,0,0,0,0,0,1,0
Q8IWZ3,0,0,0,0,0,0,0,1,0
Q8IWZ6,0,0,1,0,0,0,0,0,0
Q8IX01,0,0,0,0,0,0,0,1,0
Q8IX06,0,0,1,0,0,0,0,0,0
Q8IXF0,0,0,0,1,0,0,0,0,0
Q8IXK0,0,0,0,1,0,0,0,0,0
Q8IXZ2,0,0,1,0,0,0,0,0,0
Q8IY21,0,0,0,0,0,0,0,1,0
Q8IY37,0,0,1,0,0,0,0,0,0
Q8IY81,0,0,0,0,0,0,0,1,0
Q8IYI6,0,0,0,0,0,0,0,1,0
Q8IYR0,0,0,0,0,0,0,0,1,0
Q8IYS1,0,0,0,0,0,0,0,1,0
Q8IYX3,0,0,0,0,1,0,0,0,0
Q8IZC4,0,0,0,0,0,0,0,1,0
Q8IZQ5,0,0,0,0,0,0,0,1,0
Q8IZX4,0,0,0,0,0,0,0,1,0
Q8N0W3,0,0,0,0,0,0,0,1,0
Q8N103,0,0,0,0,0,0,0,1,0
Q8N108,0,0,0,0,0,0,0,1,0
Q8N157,0,0,0,0,0,0,0,1,0
Q8N1G0,0,0,0,0,0,0,0,1,0
Q8N1G2,0,0,0,0,1,0,0,0,0
Q8N257,0,0,0,0,0,0,0,1,0
Q8N264,0,0,0,0,0,0,0,1,0
Q8N393,0,1,0,0,0,0,0,0,0
Q8N3L3,0,0,1,0,0,0,0,0,0
Q8N456,0,0,0,1,0,0,0,0,0
Q8N4N8,0,0,0,1,0,0,0,0,0
Q8N4X5,0,0,0,0,0,0,0,1,0
Q8N5F7,0,0,0,0,0,0,0,1,0
Q8N5L8,0,0,0,0,0,0,0,1,0
Q8N6G2,0,0,0,0,0,0,1,0,0
Q8N6T3,0,0,0,0,0,0,0,1,0
Q8N6T7,0,0,0,0,0,0,0,1,0
Q8N7A1,0,0,0,0,0,0,0,1,0
Q8N895,0,0,0,0,0,0,0,1,0
Q8N8E3,0,0,0,0,0,0,0,1,0
Q8N972,0,0,0,1,0,0,0,0,0
Q8N9B8,0,0,1,0,0,0,0,0,0
Q8N9C0,0,0,0,0,0,0,0,1,0
Q8N9I9,0,0,1,0,0,0,0,0,0
Q8N9N2,0,0,0,0,0,0,0,1,0
Q8N9V7,0,0,0,0,0,0,0,1,0
Q8NA42,0,0,1,0,0,0,0,0,0
Q8NAP3,0,1,0,0,0,0,0,0,0
Q8NAP8,0,0,0,1,0,0,0,0,0
Q8NB78,0,0,0,0,0,0,0,1,0
Q8NB91,0,0,1,0,0,0,0,0,0
Q8NBH2,0,0,0,0,1,0,0,0,0
Q8NCF5,0,0,0,0,0,0,0,1,0
Q8ND82,0,0,0,0,0,0,0,1,0
Q8ND90,0,0,1,0,0,0,0,0,0
Q8NDF8,0,0,0,0,0,0,0,1,0
Q8NDI1,0,0,0,0,0,0,0,1,0
Q8NDQ6,0,0,0,0,0,0,1,0,0
Q8NDT2,0,0,0,0,0,0,0,1,0
Q8NDV3,0,0,0,0,0,0,0,1,0
Q8NDW8,0,0,1,0,0,0,0,0,0
Q8NDY6,0,0,0,0,0,0,0,1,0
Q8NE09,0,0,1,0,0,0,0,0,0
Q8NEF9,0,0,0,0,0,0,0,1,0
Q8NEH6,0,0,0,0,0,0,0,1,0
Q8NEV8,0,0,0,0,0,0,0,1,0
Q8NEY1,0,0,0,0,0,0,0,1,0
Q8NFA0,0,0,0,0,0,0,0,1,0
Q8NFH3,0,0,0,0,0,0,0,1,0
Q8NFI3,0,0,0,0,0,0,0,1,0
Q8NFI4,1,0,0,0,0,0,0,0,0
Q8NFP7,0,0,0,1,0,0,0,0,0
Q8NFU3,0,0,0,0,0,0,0,1,0
Q8NFU7,0,0,1,0,0,0,0,0,0
Q8NFW8,0,0,0,0,0,0,0,1,0
Q8NFZ0,0,0,0,0,0,0,0,1,0
Q8NG50,0,0,0,0,0,0,0,1,0
Q8NHM5,0,0,0,0,0,0,0,1,0
Q8NHQ1,0,0,0,0,0,0,0,1,0
Q8NHQ9,0,0,0,0,0,0,0,1,0
Q8NHS2,0,0,0,0,0,0,0,1,0
Q8NHY3,0,0,1,0,0,0,0,0,0
Q8NHZ8,0,0,1,0,0,0,0,0,0
Q8NI27,0,0,0,0,0,0,0,1,0
Q8NI36,0,0,0,0,0,0,0,1,0
Q8TAC2,0,0,0,0,0,0,0,1,0
Q8TAS1,0,0,1,0,0,0,0,0,0
Q8TAW3,0,0,0,1,0,0,0,0,0
Q8TB72,0,0,1,0,0,0,0,0,0
Q8TBC3,0,0,0,0,0,0,0,1,0
Q8TBY8,0,0,1,0,0,0,0,0,0
Q8TBY9,0,0,0,0,0,0,0,1,0
Q8TBZ0,0,0,1,0,0,0,0,0,0
Q8TBZ3,0,0,0,0,0,0,0,1,0
Q8TD19,0,0,0,0,0,0,0,1,0
Q8TD26,0,0,1,0,0,0,0,0,0
Q8TD31,0,0,0,0,0,1,0,0,0
Q8TDD2,0,1,0,0,0,0,0,0,0
Q8TDI0,0,0,1,0,0,0,0,0,0
Q8TDN6,0,0,0,0,0,0,0,1,0
Q8TDP1,0,0,0,0,0,0,0,1,0
Q8TDQ7,0,1,0,0,0,0,0,0,0
Q8TDR0,0,0,0,0,1,0,0,0,0
Q8TDY2,0,0,0,0,0,0,0,1,0
Q8TDZ2,0,0,0,0,0,0,0,1,0
Q8TE77,0,0,0,0,0,0,0,1,0
Q8TE85,0,0,0,0,0,0,0,1,0
Q8TEB1,0,0,0,0,0,0,0,1,0
Q8TED0,0,0,0,0,0,0,0,1,0
Q8TED9,0,0,1,0,0,0,0,0,0
Q8TEL6,0,0,1,0,0,0,0,0,0
Q8TEP8,0,0,0,0,0,0,0,1,0
Q8TER5,0,0,1,0,0,0,0,0,0
Q8TEW8,0,0,0,0,0,0,0,1,0
Q8TF61,0,0,1,0,0,0,0,0,0
Q8TF68,0,0,0,0,0,0,0,1,0
Q8WTS1,0,0,0,0,0,0,1,0,0
Q8WTS6,0,0,0,0,0,0,0,1,0
Q8WU79,0,0,0,0,0,0,0,1,0
Q8WUA4,0,0,0,0,0,0,0,1,0
Q8WUB8,0,0,0,0,0,0,0,1,0
Q8WUD4,0,0,0,0,0,0,0,1,0
Q8WUN7,0,1,0,0,0,0,0,0,0
Q8WUP2,0,0,0,0,0,0,0,1,0
Q8WUX9,0,0,0,0,0,0,0,1,0
Q8WV22,0,0,0,0,0,0,0,1,0
Q8WVC0,0,0,0,0,0,0,0,1,0
Q8WVV4,0,0,0,0,0,0,0,1,0
Q8WW22,0,0,0,0,0,0,0,1,0
Q8WW24,0,0,1,0,0,0,0,0,0
Q8WW59,0,0,0,0,0,0,0,1,0
Q8WWL7,0,0,1,0,0,0,0,0,0
Q8WWM9,0,0,0,0,0,0,1,0,0
Q8WX93,0,0,0,1,0,0,0,0,0
Q8WXA3,0,0,0,0,0,0,0,1,0
Q8WXA9,0,0,0,0,0,0,0,1,0
Q8WXC6,0,1,0,0,0,0,0,0,0
Q8WXD5,0,0,0,0,0,0,0,1,0
Q8WY36,0,0,0,0,0,0,0,1,0
Q8WY91,0,0,0,1,0,0,0,0,0
Q8WYL5,0,0,0,0,0,0,1,0,0
Q8WYP3,0,0,0,0,0,0,0,1,0
Q8WZ64,0,0,0,0,0,0,0,1,0
Q92466,0,1,0,0,0,0,0,0,0
Q92503,0,0,0,0,0,0,0,1,0
Q92530,0,0,0,0,0,0,0,1,0
Q92540,0,0,0,0,0,0,0,1,0
Q92541,0,0,0,0,0,0,0,1,0
Q92547,0,0,0,0,0,0,0,1,0
Q92560,0,0,0,0,0,0,0,1,0
Q92564,0,0,0,0,0,0,0,1,0
Q92565,0,0,0,0,0,0,0,1,0
Q92569,0,0,1,0,0,0,0,0,0
Q92585,0,1,0,0,0,0,0,0,0
Q92600,0,0,0,0,0,0,0,1,0
Q92613,0,0,1,0,0,0,0,0,0
Q92615,0,0,0,0,0,0,0,1,0
Q92618,0,0,0,0,0,0,0,1,0
Q92620,0,0,0,0,0,0,0,1,0
Q92625,0,0,0,0,0,0,0,1,0
Q92630,0,0,1,0,0,0,0,0,0
Q92636,0,0,0,0,0,0,0,1,0
Q92733,0,0,1,0,0,0,0,0,0
Q92750,0,0,1,0,0,0,0,0,0
Q92772,0,0,1,0,0,0,0,0,0
Q92782,0,0,0,0,0,0,0,1,0
Q92785,0,0,0,0,0,1,0,0,0
Q92786,0,0,0,0,0,0,0,1,0
Q92793,0,0,0,0,0,0,0,1,0
Q92800,0,0,0,0,0,0,0,1,0
Q92845,0,0,0,0,0,0,0,1,0
Q92890,0,0,0,0,0,0,0,1,0
Q92989,0,0,0,0,0,0,0,1,0
Q92990,0,0,0,0,0,0,0,1,0
Q92993,0,0,0,1,0,0,0,0,0
Q92997,0,0,0,0,0,0,0,1,0
Q969M7,0,0,0,0,0,0,0,1,0
Q969R5,0,0,0,0,0,0,0,1,0
Q969R8,0,0,0,0,0,0,0,1,0
Q969S3,0,0,0,0,0,0,0,1,0
Q969T9,0,0,0,0,0,0,0,1,0
Q969X6,0,0,0,0,0,0,0,1,0
Q96A65,0,0,0,0,0,0,0,1,0
Q96AB3,0,0,0,0,0,0,0,1,0
Q96AY4,0,0,0,0,0,0,0,1,0
Q96B01,0,0,0,0,0,0,0,1,0
Q96BH1,0,0,0,0,0,0,0,1,0
Q96BJ3,0,0,0,0,0,0,0,1,0
Q96BN8,0,0,0,0,0,0,0,1,0
Q96BP3,0,0,0,0,0,0,0,1,0
Q96BW1,0,0,1,0,0,0,0,0,0
Q96BX8,0,0,0,0,0,0,0,1,0
Q96C01,0,0,0,0,0,0,0,1,0
Q96C11,0,0,0,0,0,0,0,1,0
Q96C12,0,0,1,0,0,0,0,0,0
Q96CD2,0,0,0,0,0,0,0,1,0
Q96CJ1,0,0,1,0,0,0,0,0,0
Q96CN4,0,0,0,0,0,0,0,1,0
Q96CN5,0,0,0,1,0,0,0,0,0
Q96CW5,0,0,0,0,0,0,0,1,0
Q96CW6,0,0,1,0,0,0,0,0,0
Q96D03,0,0,1,0,0,0,0,0,0
Q96D46,0,0,0,0,0,0,0,1,0
Q96D71,0,0,0,1,0,0,0,0,0
Q96DC9,0,0,0,0,0,0,0,1,0
Q96DE0,0,0,0,0,0,0,0,1,0
Q96DF8,0,0,1,0,0,0,0,0,0
Q96DN6,0,0,0,0,0,0,0,1,0
Q96DT7,0,0,0,0,0,0,0,1,0
Q96EF0,0,0,0,1,0,0,0,0,0
Q96EI5,0,0,0,0,0,0,0,1,0
Q96EK4,0,0,0,1,0,0,0,0,0
Q96EP1,0,0,0,0,0,0,0,1,0
Q96ES7,0,0,0,0,0,0,0,1,0
Q96F44,0,0,0,0,0,0,0,1,0
Q96F86,0,0,0,0,0,0,0,1,0
Q96FC7,0,0,0,0,0,0,0,1,0
Q96FF9,0,0,1,0,0,0,0,0,0
Q96FX7,0,0,0,0,0,0,0,1,0
Q96G25,0,0,0,0,0,0,0,1,0
Q96G28,0,0,0,0,0,1,0,0,0
Q96GA7,0,0,0,0,0,0,0,1,0
Q96GN5,0,0,0,0,0,0,0,1,0
Q96GQ7,0,0,0,0,0,0,0,1,0
Q96H79,0,0,0,0,0,0,0,1,0
Q96HA7,0,0,0,0,0,0,0,1,0
Q96HA8,0,0,0,0,0,0,0,1,0
Q96HB5,0,0,1,0,0,0,0,0,0
Q96HN2,0,0,1,0,0,0,0,0,0
Q96HQ2,0,0,0,0,0,0,0,1,0
Q96HR3,0,0,0,0,0,0,0,1,0
Q96HR8,0,0,0,0,0,0,0,1,0
Q96HW7,0,0,0,0,0,0,0,1,0
Q96I76,0,0,0,0,1,0,0,0,0
Q96IG2,0,0,0,0,0,1,0,0,0
Q96IK5,0,0,0,0,0,0,0,1,0
Q96IV0,0,0,0,0,0,0,0,1,0
Q96IY1,0,0,1,0,0,0,0,0,0
Q96J01,0,0,0,0,0,0,0,1,0
Q96JB5,0,0,0,0,0,0,0,1,0
Q96JB8,0,0,1,0,0,0,0,0,0
Q96JD6,0,0,0,0,0,0,0,1,0
Q96JG9,0,0,0,0,0,0,0,1,0
Q96JH8,0,1,0,0,0,0,0,0,0
Q96JK2,0,0,0,1,0,0,0,0,0
Q96JM3,0,0,0,0,0,0,0,1,0
Q96JN8,0,0,1,0,0,0,0,0,0
Q96JP2,0,1,0,0,0,0,0,0,0
Q96JY6,0,0,0,0,0,0,0,1,0
Q96K76,0,0,0,0,0,0,0,1,0
Q96KB5,0,0,0,0,0,0,0,1,0
Q96KN7,0,0,1,0,0,0,0,0,0
Q96L91,0,0,0,0,0,0,0,1,0
Q96L96,0,0,1,0,0,0,0,0,0
Q96LA8,0,0,0,0,0,0,0,1,0
Q96LD4,0,0,0,1,0,0,0,0,0
Q96LD8,0,0,0,0,0,0,0,1,0
Q96LI5,0,0,0,0,0,0,0,1,0
Q96M02,0,0,0,0,0,0,0,1,0
Q96M96,0,0,0,0,0,0,0,1,0
Q96ME7,0,0,0,0,0,0,0,1,0
Q96MF7,0,0,0,0,0,0,0,1,0
Q96MG2,0,0,1,0,0,0,0,0,0
Q96MI9,0,0,0,0,0,0,0,1,0
Q96MN9,0,1,0,0,0,0,0,0,0
Q96MT8,0,0,1,0,0,0,0,0,0
Q96MU7,0,0,0,0,0,0,0,1,0
Q96MX3,0,0,1,0,0,0,0,0,0
Q96MY1,0,0,0,0,0,0,0,1,0
Q96N20,0,0,0,0,0,0,0,1,0
Q96N23,0,0,0,0,0,0,0,1,0
Q96N96,0,0,0,0,0,0,0,1,0
Q96NC0,0,0,0,0,0,0,0,1,0
Q96NG3,0,0,0,0,0,0,0,1,0
Q96NJ3,1,0,0,0,0,0,0,0,0
Q96NL6,0,0,0,0,0,0,0,1,0
Q96NX9,0,0,0,1,0,0,0,0,0
Q96P47,0,0,0,0,0,0,0,1,0
Q96P50,0,0,1,0,0,0,0,0,0
Q96PC2,0,0,0,1,0,0,0,0,0
Q96PE6,1,0,0,0,0,0,0,0,0
Q96PK6,0,0,0,1,0,0,0,0,0
Q96PU4,0,0,0,0,0,0,0,1,0
Q96PU8,0,0,0,1,0,0,0,0,0
Q96PY5,0,0,1,0,0,0,0,0,0
Q96PY6,0,0,0,0,0,0,0,1,0
Q96Q05,0,0,0,0,0,0,0,1,0
Q96Q15,0,0,0,0,0,0,0,1,0
Q96Q89,0,0,1,0,0,0,0,0,0
Q96QP1,0,0,1,0,0,0,0,0,0
Q96QT6,0,0,1,0,0,0,0,0,0
Q96QU8,0,0,0,0,0,0,0,1,0
Q96R05,0,0,0,0,0,0,0,1,0
Q96RE7,0,0,0,0,0,0,0,1,0
Q96RJ6,1,0,0,0,0,0,0,0,0
Q96RK0,0,0,0,0,0,0,0,1,0
Q96RL1,0,0,0,0,0,0,0,1,0
Q96RR4,0,0,0,0,1,0,0,0,0
Q96RY5,0,0,1,0,0,0,0,0,0
Q96S15,0,0,0,0,0,0,0,1,0
Q96S44,0,0,0,0,0,0,0,1,0
Q96S55,0,0,0,0,0,0,0,1,0
Q96S65,0,0,0,0,0,1,0,0,0
Q96SF7,0,0,1,0,0,0,0,0,0
Q96ST2,0,0,0,0,0,0,0,1,0
Q96ST3,0,0,0,0,0,0,0,1,0
Q96SU4,0,0,0,0,0,0,0,1,0
Q96SY0,0,0,0,0,0,0,0,1,0
Q96SZ5,0,0,0,0,0,0,0,1,0
Q96T23,0,0,0,0,0,0,0,1,0
Q99424,0,0,0,0,0,0,0,1,0
Q99447,0,0,0,0,0,0,0,1,0
Q99457,0,0,0,0,0,0,0,1,0
Q99543,0,0,0,0,0,0,0,1,0
Q99592,1,0,0,0,0,0,0,0,0
Q99611,0,0,0,0,0,0,0,1,0
Q99613,0,0,0,1,0,0,0,0,0
Q99683,0,0,0,0,0,0,1,0,0
Q99697,0,0,0,0,0,0,0,1,0
Q99700,0,0,0,1,0,0,0,0,0
Q99704,0,0,0,0,0,0,0,1,0
Q99707,0,0,0,0,0,0,0,1,0
Q99708,0,0,0,0,0,0,1,0,0
Q99728,0,0,0,0,0,0,0,1,0
Q99856,0,0,1,0,0,0,0,0,0
Q99871,0,0,0,0,0,0,0,1,0
Q99959,0,0,0,0,0,0,0,1,0
Q99973,0,0,0,0,0,0,0,1,0
Q99986,0,0,0,0,0,0,0,1,0
Q9BPW5,0,0,0,0,0,0,0,1,0
Q9BQ39,0,0,0,0,0,0,0,1,0
Q9BQ69,0,0,0,1,0,0,0,0,0
Q9BQ87,0,0,0,0,0,0,0,1,0
Q9BQC3,0,0,0,0,0,0,0,1,0
Q9BQD3,0,0,0,0,0,1,0,0,0
Q9BRD0,0,0,0,0,0,0,0,1,0
Q9BRJ7,0,0,0,0,0,0,0,1,0
Q9BRL6,0,0,0,0,0,1,0,0,0
Q9BRP4,0,0,0,0,0,0,0,1,0
Q9BRQ0,0,0,0,0,0,0,0,1,0
Q9BRQ3,0,0,1,0,0,0,0,0,0
Q9BRS8,0,0,1,0,0,0,0,0,0
Q9BRX2,0,0,0,0,0,0,0,1,0
Q9BRX5,0,0,0,0,0,0,0,1,0
Q9BRX9,0,0,0,0,0,0,0,1,0
Q9BSB4,0,0,0,0,0,0,0,1,0
Q9BSC4,0,0,0,0,0,0,0,1,0
Q9BTA9,0,0,1,0,0,0,0,0,0
Q9BTE1,0,0,0,0,0,0,0,1,0
Q9BTE6,0,0,0,0,0,0,0,1,0
Q9BTX7,0,1,0,0,0,0,0,0,0
Q9BU02,0,0,0,0,0,0,0,1,0
Q9BU89,0,0,0,0,0,0,0,1,0
Q9BUE0,0,0,0,0,0,0,0,1,0
Q9BUI4,0,0,0,0,0,0,0,1,0
Q9BUR4,0,0,0,0,0,0,0,1,0
Q9BVC4,0,0,0,0,0,0,0,1,0
Q9BVI0,0,0,1,0,0,0,0,0,0
Q9BVJ7,0,0,0,0,0,0,0,1,0
Q9BVS4,0,0,0,0,0,1,0,0,0
Q9BW27,0,0,0,0,0,0,0,1,0
Q9BW30,0,0,0,0,0,0,0,1,0
Q9BW85,0,0,0,0,0,0,0,1,0
Q9BWE0,0,0,0,0,0,0,0,1,0
Q9BWF3,0,0,0,0,0,0,0,1,0
Q9BWH6,0,0,0,0,0,0,0,1,0
Q9BWT7,0,0,0,0,0,0,0,1,0
Q9BWU0,0,0,0,0,0,0,0,1,0
Q9BX26,0,0,0,0,0,0,0,1,0
Q9BX46,0,0,0,0,0,0,0,1,0
Q9BXB4,0,0,0,0,0,0,0,1,0
Q9BXD5,0,0,1,0,0,0,0,0,0
Q9BXF3,0,0,0,0,0,0,0,1,0
Q9BXS6,0,0,0,0,0,0,0,1,0
Q9BXT5,0,0,1,0,0,0,0,0,0
Q9BXV9,0,0,0,1,0,0,0,0,0
Q9BXW9,0,0,0,0,1,0,0,0,0
Q9BXY0,0,0,0,0,0,0,0,1,0
Q9BY12,0,0,0,0,0,1,0,0,0
Q9BY42,0,0,0,0,0,0,0,1,0
Q9BY77,0,0,0,0,0,0,0,1,0
Q9BYJ1,0,0,0,0,0,0,0,1,0
Q9BYK8,0,0,0,0,0,0,0,1,0
Q9BYM8,0,0,0,0,0,0,0,1,0
Q9BYR3,1,0,0,0,0,0,0,0,0
Q9BYT5,0,0,0,0,0,0,0,1,0
Q9BYV8,0,0,0,0,0,0,0,1,0
Q9BYV9,0,0,0,0,1,0,0,0,0
Q9BZ95,0,0,0,0,0,0,0,1,0
Q9BZI7,0,0,0,0,0,0,0,1,0
Q9BZL1,0,0,0,0,0,0,0,1,0
Q9BZL4,0,0,0,0,0,0,0,1,0
Q9BZR8,0,0,1,0,0,0,0,0,0
Q9C075,0,0,0,0,0,0,0,1,0
Q9C0B0,0,0,0,0,0,0,0,1,0
Q9C0D2,0,0,0,1,0,0,0,0,0
Q9C0D3,0,0,0,0,0,0,0,1,0
Q9C0D4,0,0,0,1,0,0,0,0,0
Q9C0F1,0,0,1,0,0,0,0,0,0
Q9C0G0,0,0,0,0,0,0,0,1,0
Q9C0J8,0,0,0,0,0,0,0,1,0
Q9C0K0,0,0,0,1,0,0,0,0,0
Q9GZQ3,0,0,0,0,0,0,0,1,0
Q9GZS0,0,0,1,0,0,0,0,0,0
Q9GZS1,0,0,0,0,0,0,0,1,0
Q9GZT9,0,0,0,0,0,0,0,1,0
Q9GZU2,0,0,0,0,0,0,0,1,0
Q9GZX5,0,0,0,0,0,0,0,1,0
Q9GZY1,0,0,0,0,0,1,0,0,0
Q9H081,0,0,0,0,0,0,0,1,0
Q9H089,0,0,0,0,0,0,0,1,0
Q9H0A8,0,0,0,0,0,0,0,1,0
Q9H0E7,1,0,0,0,0,0,0,0,0
Q9H0G5,0,0,0,0,0,0,0,1,0
Q9H0J9,0,0,0,0,0,0,0,1,0
Q9H0K1,0,0,0,0,0,0,0,1,0
Q9H0L4,1,0,0,0,0,0,0,0,0
Q9H0N5,0,0,0,0,0,0,0,1,0
Q9H0P0,0,0,0,0,0,0,0,1,0
Q9H0S4,0,0,0,1,0,0,0,0,0
Q9H0X6,0,0,1,0,0,0,0,0,0
Q9H1D9,0,0,0,0,0,0,0,1,0
Q9H1H9,0,0,0,0,0,0,1,0,0
Q9H1I8,0,1,0,0,0,0,0,0,0
Q9H1Z4,0,0,0,0,0,0,0,1,0
Q9H211,0,0,0,0,0,0,0,1,0
Q9H257,0,0,0,0,0,0,0,1,0
Q9H2F5,1,0,0,0,0,0,0,0,0
Q9H2G4,0,0,1,0,0,0,0,0,0
Q9H2M9,0,0,0,0,0,0,0,1,0
Q9H2P9,0,0,0,0,0,0,0,1,0
Q9H2Y7,0,0,0,0,1,0,0,0,0
Q9H307,0,0,0,0,0,0,0,1,0
Q9H320,0,0,0,0,1,0,0,0,0
Q9H3S4,0,0,0,0,0,0,0,1,0
Q9H422,0,0,0,0,0,0,1,0,0
Q9H446,0,0,1,0,0,0,0,0,0
Q9H477,0,0,0,0,0,0,0,1,0
Q9H479,0,0,0,0,0,0,0,1,0
Q9H489,0,0,0,0,0,0,0,1,0
Q9H4G0,0,0,0,0,0,0,0,1,0
Q9H4I2,0,0,1,0,0,0,0,0,0
Q9H4Q4,0,0,0,0,0,1,0,0,0
Q9H4Z2,0,0,0,0,0,0,0,1,0
Q9H5N1,0,0,0,0,0,0,0,1,0
Q9H5X1,0,0,0,0,0,0,0,1,0
Q9H609,1,0,0,0,0,0,0,0,0
Q9H668,0,0,0,0,0,0,0,1,0
Q9H6D7,0,0,1,0,0,0,0,0,0
Q9H6E5,0,0,0,0,0,0,0,1,0
Q9H6F5,0,0,1,0,0,0,0,0,0
Q9H6Q4,0,0,0,0,0,0,0,1,0
Q9H6S1,0,0,0,0,0,0,1,0,0
Q9H6T3,0,0,0,0,0,0,0,1,0
Q9H6V9,0,0,0,0,0,0,0,1,0
Q9H6W3,0,0,0,0,0,0,0,1,0
Q9H6Y2,0,0,0,0,0,1,0,0,0
Q9H788,0,0,0,0,0,0,0,1,0
Q9H7B2,0,0,0,0,0,0,0,1,0
Q9H7C9,0,0,0,0,0,0,0,1,0
Q9H7E2,0,0,0,0,0,0,0,1,0
Q9H7L9,0,0,0,0,0,0,0,1,0
Q9H7N4,0,0,0,0,0,0,0,1,0
Q9H7P9,0,0,0,0,0,0,0,1,0
Q9H7R0,0,0,1,0,0,0,0,0,0
Q9H7T9,0,0,0,0,0,0,0,1,0
Q9H814,0,0,0,0,0,0,0,1,0
Q9H867,0,0,0,0,0,0,0,1,0
Q9H869,0,0,0,0,0,0,0,1,0
Q9H871,0,0,0,0,0,0,0,1,0
Q9H8H0,0,0,0,0,0,0,0,1,0
Q9H8M7,0,0,0,0,0,0,0,1,0
Q9H8V3,0,0,1,0,0,0,0,0,0
Q9H8W5,0,0,1,0,0,0,0,0,0
Q9H944,0,0,0,0,0,0,0,1,0
Q9H981,0,0,1,0,0,0,0,0,0
Q9H9A5,0,0,0,0,0,0,0,1,0
Q9H9B1,0,0,0,0,0,0,0,1,0
Q9H9S4,0,0,0,0,0,0,0,1,0
Q9H9T3,0,0,0,0,0,0,0,1,0
Q9H9Y2,0,0,1,0,0,0,0,0,0
Q9H9Y6,0,0,0,0,0,0,0,1,0
Q9H9Z2,0,0,0,0,0,0,0,1,0
Q9HAJ7,0,0,0,0,0,0,0,1,0
Q9HAN9,0,0,0,0,0,0,0,1,0
Q9HAU5,0,0,0,0,0,0,0,1,0
Q9HAZ2,0,0,0,0,0,0,0,1,0
Q9HB58,0,0,1,0,0,0,0,0,0
Q9HB90,0,0,0,0,0,0,0,1,0
Q9HB96,0,0,0,0,0,0,0,1,0
Q9HBE1,0,0,0,0,0,0,0,1,0
Q9HBG6,0,0,0,0,0,0,0,1,0
Q9HBU1,0,0,0,1,0,0,0,0,0
Q9HC35,0,0,0,0,0,0,0,1,0
Q9HC77,0,0,0,0,0,0,0,0,1
Q9HCD6,1,0,0,0,0,0,0,0,0
Q9HCE3,0,0,0,0,0,0,0,1,0
Q9HCI7,0,0,0,0,0,0,0,1,0
Q9HCJ0,0,0,0,0,0,0,0,1,0
Q9HCJ5,0,0,1,0,0,0,0,0,0
Q9HCK8,0,0,0,0,0,0,0,1,0
Q9HCS5,0,0,0,0,0,1,0,0,0
Q9HCS7,0,0,0,0,0,0,0,1,0
Q9HD15,0,0,0,0,0,0,0,1,0
Q9NP64,0,0,0,0,0,0,0,1,0
Q9NP97,0,0,0,0,0,0,0,1,0
Q9NP98,0,0,0,0,0,0,0,1,0
Q9NPC3,0,0,0,0,0,0,0,1,0
Q9NPD8,0,0,0,0,0,0,0,1,0
Q9NPE3,0,0,0,0,0,0,0,1,0
Q9NPI1,0,0,0,0,0,0,0,1,0
Q9NPJ6,0,0,0,0,0,0,0,1,0
Q9NPJ8,0,0,0,0,0,0,0,1,0
Q9NQ48,0,0,0,0,0,0,0,1,0
Q9NQ55,0,0,0,0,0,0,0,1,0
Q9NQ94,0,0,0,1,0,0,0,0,0
Q9NQE9,0,0,0,0,0,0,0,1,0
Q9NQG7,0,0,1,0,0,0,0,0,0
Q9NQL9,0,0,0,0,0,0,1,0,0
Q9NQM4,0,0,1,0,0,0,0,0,0
Q9NQS7,0,0,0,0,0,0,0,1,0
Q9NQU5,0,0,0,0,0,0,0,1,0
Q9NQZ2,0,1,0,0,0,0,0,0,0
Q9NR20,0,0,1,0,0,0,0,0,0
Q9NR46,0,0,0,0,0,0,0,1,0
Q9NR50,0,0,0,0,0,0,0,1,0
Q9NR56,0,0,0,0,0,0,0,1,0
Q9NR64,0,0,0,0,0,0,0,1,0
Q9NRD1,0,0,0,0,0,0,0,1,0
Q9NRE2,0,0,0,0,0,0,0,1,0
Q9NRF8,0,0,0,0,0,0,0,1,0
Q9NRF9,0,0,0,0,0,0,0,1,0
Q9NRG4,0,0,0,0,0,0,0,1,0
Q9NRL2,0,0,0,1,0,0,0,0,0
Q9NRW3,0,0,0,0,0,0,0,1,0
Q9NRX1,0,0,1,0,0,0,0,0,0
Q9NS39,0,0,0,0,0,0,0,1,0
Q9NS56,0,0,1,0,0,0,0,0,0
Q9NS91,0,0,1,0,0,0,0,0,0
Q9NSJ1,0,0,1,0,0,0,0,0,0
Q9NSY0,0,0,0,0,0,0,0,1,0
Q9NTI5,0,0,0,0,0,0,0,1,0
Q9NTM9,0,0,0,0,0,0,0,1,0
Q9NTW7,0,0,0,0,0,0,1,0,0
Q9NU19,0,0,0,0,0,0,0,1,0
Q9NUC0,0,0,1,0,0,0,0,0,0
Q9NUD5,0,0,0,0,0,0,0,1,0
Q9NUG6,0,0,0,0,0,0,0,1,0
Q9NUK0,0,0,0,0,0,0,0,1,0
Q9NUL5,0,0,0,0,0,0,0,1,0
Q9NUQ6,0,0,0,0,0,0,0,1,0
Q9NUQ7,0,0,0,0,0,0,0,1,0
Q9NUZ1,0,0,1,0,0,0,0,0,0
Q9NV06,0,0,0,0,0,0,0,1,0
Q9NV31,0,0,0,0,0,0,0,1,0
Q9NV35,0,0,0,0,0,0,0,1,0
Q9NV56,0,0,0,1,0,0,0,0,0
Q9NV88,0,0,0,0,0,0,0,1,0
Q9NVE7,0,0,0,0,0,0,0,1,0
Q9NVF7,0,0,0,0,0,0,0,1,0
Q9NVI1,0,0,0,0,0,0,0,1,0
Q9NVM9,0,0,0,0,0,0,0,1,0
Q9NVN8,0,0,0,0,0,0,0,1,0
Q9NVP2,0,0,0,0,0,0,0,1,0
Q9NVR2,0,0,0,0,0,0,0,1,0
Q9NVR5,0,0,0,0,1,0,0,0,0
Q9NW75,0,0,0,0,0,0,0,1,0
Q9NWM0,0,0,0,0,0,0,0,1,0
Q9NWS0,0,0,0,0,0,0,0,1,0
Q9NWT1,0,0,0,0,0,0,0,1,0
Q9NWT6,0,0,0,0,0,0,0,1,0
Q9NWV8,0,0,0,0,0,0,0,1,0
Q9NWX5,0,0,0,1,0,0,0,0,0
Q9NX08,0,0,0,0,0,0,0,1,0
Q9NX40,0,0,0,0,0,0,0,1,0
Q9NX58,0,0,0,0,0,0,0,1,0
Q9NXC5,0,0,0,0,0,0,0,1,0
Q9NXL9,0,0,0,0,0,0,0,1,0
Q9NXR7,0,0,0,0,0,0,0,1,0
Q9NXX6,0,0,1,0,0,0,0,0,0
Q9NY27,0,0,0,0,0,0,0,1,0
Q9NY74,1,0,0,0,0,0,0,0,0
Q9NY93,0,0,1,0,0,0,0,0,0
Q9NYB0,0,1,0,0,0,0,0,0,0
Q9NYL2,0,0,0,1,0,0,0,0,0
Q9NYP9,0,1,0,0,0,0,0,0,0
Q9NYV6,0,0,0,1,0,0,0,0,0
Q9NYW8,0,0,1,0,0,0,0,0,0
Q9NZB8,0,0,1,0,0,0,0,0,0
Q9NZC9,0,0,0,0,0,0,0,1,0
Q9NZD2,0,0,0,0,0,0,0,1,0
Q9NZI8,0,0,0,1,0,0,0,0,0
Q9NZN8,0,0,0,0,0,0,0,1,0
Q9NZR1,1,0,0,0,0,0,0,0,0
Q9NZT2,0,0,0,0,0,0,0,1,0
Q9NZU5,0,0,0,0,0,0,0,1,0
Q9P016,0,0,0,0,0,0,0,1,0
Q9P0L1,1,0,0,0,0,0,0,0,0
Q9P0M2,0,0,0,0,0,0,0,1,0
Q9P0R6,0,0,0,0,0,0,0,1,0
Q9P0V9,0,0,0,0,0,0,0,1,0
Q9P0Z9,0,0,0,1,0,0,0,0,0
Q9P107,0,0,0,0,0,0,0,1,0
Q9P1Y5,0,0,0,0,0,0,0,1,0
Q9P1Y6,0,0,0,0,0,0,0,1,0
Q9P202,0,0,1,0,0,0,0,0,0
Q9P215,0,0,0,0,0,0,0,1,0
Q9P2D1,0,0,0,0,0,0,0,1,0
Q9P2E3,0,0,0,0,0,0,0,1,0
Q9P2F6,1,0,0,0,0,0,0,0,0
Q9P2G3,0,0,1,0,0,0,0,0,0
Q9P2H0,0,0,1,0,0,0,0,0,0
Q9P2H3,0,1,0,0,0,0,0,0,0
Q9P2K3,0,0,1,0,0,0,0,0,0
Q9P2K8,0,0,0,0,0,0,0,1,0
Q9P2P5,0,0,0,1,0,0,0,0,0
Q9P2P6,1,0,0,0,0,0,0,0,0
Q9P2T0,0,1,0,0,0,0,0,0,0
Q9UBB6,0,0,0,0,0,0,0,1,0
Q9UBC3,0,0,0,0,0,0,0,1,0
Q9UBC5,0,0,0,1,0,0,0,0,0
Q9UBD5,0,0,0,0,0,0,0,1,0
Q9UBF6,0,0,0,0,0,0,0,1,0
Q9UBK9,0,0,0,0,0,0,0,1,0
Q9UBN7,0,0,0,0,0,0,0,1,0
Q9UBP6,0,0,0,0,0,0,0,1,0
Q9UBS8,0,0,0,0,0,0,0,1,0
Q9UBT6,0,0,0,0,0,0,0,1,0
Q9UBU9,0,0,0,0,0,0,0,1,0
Q9UEE9,0,0,0,1,0,0,0,0,0
Q9UFC0,0,0,0,0,0,0,0,1,0
Q9UFW8,0,0,0,0,0,0,0,1,0
Q9UG22,0,0,1,0,0,0,0,0,0
Q9UG63,0,0,0,0,0,0,0,1,0
Q9UGK8,0,0,1,0,0,0,0,0,0
Q9UGN5,0,0,0,0,0,0,0,1,0
Q9UGP5,0,0,1,0,0,0,0,0,0
Q9UGR2,0,0,0,0,0,0,0,1,0
Q9UGU0,0,0,0,0,0,0,0,1,0
Q9UHB7,0,0,1,0,0,0,0,0,0
Q9UHC1,0,0,1,0,0,0,0,0,0
Q9UHC7,0,0,0,0,0,0,0,1,0
Q9UHD2,0,0,0,0,0,0,0,1,0
Q9UHD4,0,0,0,0,0,0,0,0,1
Q9UHG0,0,0,0,0,1,0,0,0,0
Q9UHI6,0,1,0,0,0,0,0,0,0
Q9UHP3,0,0,0,0,0,0,0,1,0
Q9UHR5,0,0,0,0,0,0,0,1,0
Q9UI15,0,0,0,0,1,0,0,0,0
Q9UI46,0,0,1,0,0,0,0,0,0
Q9UID3,0,0,0,0,0,0,0,1,0
Q9UIF8,0,0,0,0,0,0,0,1,0
Q9UIF9,0,0,0,0,0,0,0,1,0
Q9UIL4,0,0,0,0,0,0,0,1,0
Q9UIS9,1,0,0,0,0,0,0,0,0
Q9UJ78,0,0,0,0,0,0,1,0,0
Q9UJA3,0,0,0,0,1,0,0,0,0
Q9UJP4,0,0,0,0,0,0,0,1,0
Q9UJV8,0,0,1,0,0,0,0,0,0
Q9UJW0,0,0,0,0,0,0,0,1,0
Q9UJX2,0,0,0,0,0,0,0,1,0
Q9UJX4,0,0,0,0,0,0,0,1,0
Q9UK53,0,0,1,0,0,0,0,0,0
Q9UK58,0,0,0,0,0,0,0,1,0
Q9UK59,0,0,0,0,0,0,0,1,0
Q9UK61,0,0,0,0,0,0,0,1,0
Q9UK99,0,0,0,0,0,0,0,1,0
Q9UKB1,0,0,0,0,0,0,0,1,0
Q9UKL6,0,0,0,0,0,0,0,1,0
Q9UKT5,0,0,0,0,0,0,0,1,0
Q9UKT9,0,0,0,0,0,0,0,1,0
Q9UKZ1,0,0,0,0,0,0,0,1,0
Q9UL33,0,0,0,0,0,0,0,1,0
Q9UL58,0,0,0,1,0,0,0,0,0
Q9UL68,1,0,0,0,0,0,0,0,0
Q9ULD5,0,0,0,0,0,0,0,1,0
Q9ULE0,0,0,0,1,0,0,0,0,0
Q9ULE3,0,0,1,0,0,0,0,0,0
Q9ULG1,0,0,0,0,0,0,0,1,0
Q9ULI4,0,0,0,1,0,0,0,0,0
Q9ULJ3,0,0,1,0,0,0,0,0,0
Q9ULJ6,0,0,1,0,0,0,0,0,0
Q9ULJ8,0,0,0,0,0,0,0,1,0
Q9ULK4,0,0,0,0,0,0,0,1,0
Q9ULM0,0,0,0,0,0,0,0,1,0
Q9ULU4,0,0,0,0,0,0,0,1,0
Q9ULV3,0,0,0,0,0,0,0,1,0
Q9ULW6,0,0,0,0,0,0,0,1,0
Q9ULX6,0,0,0,0,0,0,0,1,0
Q9UM07,0,0,1,0,0,0,0,0,0
Q9UM13,0,0,0,0,0,0,0,1,0
Q9UN81,0,0,0,0,0,0,0,1,0
Q9UNE7,0,0,0,0,0,0,0,1,0
Q9UNH5,0,0,1,0,0,0,0,0,0
Q9UNI6,0,0,0,0,0,0,0,1,0
Q9UNY4,0,0,0,0,0,0,0,1,0
Q9UPN7,0,0,0,0,0,0,0,1,0
Q9UPP1,0,0,1,0,0,0,0,0,0
Q9UPQ0,0,0,0,0,0,0,0,1,0
Q9UPQ9,0,0,0,0,0,0,0,1,0
Q9UPR0,0,0,1,0,0,0,0,0,0
Q9UPS6,0,0,0,0,0,0,0,1,0
Q9UPZ3,0,0,0,0,0,0,0,0,1
Q9UQ07,0,0,1,0,0,0,0,0,0
Q9UQ13,0,0,0,0,0,0,0,1,0
Q9UQ84,0,1,0,0,0,0,0,0,0
Q9UQR1,0,0,0,0,0,0,0,1,0
Q9Y221,0,0,0,0,0,0,0,1,0
Q9Y232,0,0,0,0,0,0,0,1,0
Q9Y238,1,0,0,0,0,0,0,0,0
Q9Y259,1,0,0,0,0,0,0,0,0
Q9Y2D9,0,0,0,0,0,0,0,1,0
Q9Y2I8,0,1,0,0,0,0,0,0,0
Q9Y2K1,0,0,0,0,0,0,0,1,0
Q9Y2L9,0,0,0,0,0,0,0,1,0
Q9Y2P8,0,0,0,0,0,0,0,1,0
Q9Y2R2,0,0,0,0,0,1,0,0,0
Q9Y2T1,0,0,0,0,0,0,0,1,0
Q9Y2U5,0,0,0,0,0,0,0,1,0
Q9Y2X0,0,0,0,0,0,0,0,1,0
Q9Y303,0,0,1,0,0,0,0,0,0
Q9Y316,0,0,0,0,0,0,0,1,0
Q9Y383,0,0,0,0,0,0,0,1,0
Q9Y388,0,0,0,0,0,0,0,1,0
Q9Y3C7,0,0,0,0,0,0,0,1,0
Q9Y3D8,0,0,0,0,0,0,0,1,0
Q9Y3Q8,0,0,0,0,0,0,0,1,0
Q9Y3R4,0,0,0,0,0,0,0,1,0
Q9Y3Y2,0,0,0,0,0,0,0,1,0
Q9Y3Z3,0,0,0,0,0,0,0,1,0
Q9Y446,0,0,0,0,0,0,0,1,0
Q9Y462,0,0,1,0,0,0,0,0,0
Q9Y468,0,0,1,0,0,0,0,0,0
Q9Y484,0,0,0,0,0,0,0,1,0
Q9Y485,0,1,0,0,0,0,0,0,0
Q9Y4B4,0,0,1,0,0,0,0,0,0
Q9Y4E5,0,0,0,0,0,0,0,1,0
Q9Y4F4,1,0,0,0,0,0,0,0,0
Q9Y4F5,0,0,0,0,0,0,0,1,0
Q9Y4K3,0,0,0,0,0,0,0,1,0
Q9Y4P3,0,0,0,0,0,0,0,1,0
Q9Y4R8,0,0,0,0,0,0,0,1,0
Q9Y4U1,0,0,1,0,0,0,0,0,0
Q9Y4W2,0,0,0,0,0,0,0,1,0
Q9Y4Z2,0,0,0,0,0,1,0,0,0
Q9Y508,0,0,0,0,0,0,0,1,0
Q9Y547,0,0,0,0,0,0,0,1,0
Q9Y576,0,1,0,0,0,0,0,0,0
Q9Y5A6,0,0,0,1,0,0,0,0,0
Q9Y5A7,0,0,0,0,0,0,0,1,0
Q9Y5J1,0,0,0,0,0,0,0,1,0
Q9Y5J3,0,0,1,0,0,0,0,0,0
Q9Y5K3,0,0,0,0,0,1,0,0,0
Q9Y5P6,0,0,0,0,0,0,0,1,0
Q9Y5Q9,0,0,0,0,0,0,0,1,0
Q9Y618,0,0,0,0,0,0,0,1,0
Q9Y620,0,0,1,0,0,0,0,0,0
Q9Y623,0,1,0,0,0,0,0,0,0
Q9Y6A5,0,0,0,0,0,0,0,1,0
Q9Y6G5,0,0,0,0,0,0,0,1,0
Q9Y6I4,0,0,0,0,0,0,0,1,0
Q9Y6K9,0,0,0,0,0,0,0,1,0
Q9Y6N9,0,0,1,0,0,0,0,0,0
Q9Y6Q1,0,0,1,0,0,0,0,0,0
Q9Y6R9,0,0,0,0,0,0,0,1,0
Q9Y6V7,0,0,1,0,0,0,0,0,0
Q9Y6X3,0,0,0,0,0,0,0,1,0
Q9Y6X9,0,0,0,0,0,0,0,1,0
Q9Y6Y0,0,0,0,0,0,0,0,1,0
